"SurveyResponseID","AnswerNumber","AnswerYN","AmenityType"
3557295,180,"Yes","Accommodation"
3557313,169,"Yes","Accommodation"
3557295,182,"Yes","Activities"
3557648,188,"Yes","Activities"
3557468,135,"Yes","Accommodation"
3557379,168,"Yes","Activities"
3557518,140,"Yes","Activities"
3557295,181,"Yes","Transport"
3557833,126,"Yes","Transport"
3557833,125,"Yes","Accommodation"
3557468,136,"Yes","Transport"
3557518,139,"Yes","Transport"
3557561,118,"Yes","Accommodation"
3557663,137,"No","All"
3557833,127,"Yes","Activities"
3557693,141,"No","All"
3558043,202,"No","All"
3557518,138,"Yes","Accommodation"
3557648,187,"Yes","Accommodation"
3557670,157,"Yes","Activities"
3557966,184,"Yes","Activities"
3557670,156,"Yes","Accommodation"
3557897,199,"Yes","Accommodation"
3558299,179,"Yes","Activities"
3558447,112,"No","All"
3558299,178,"Yes","Accommodation"
3558570,188,"Yes","Accommodation"
3558854,153,"Yes","Accommodation"
3558365,185,"No","All"
3558711,128,"No","All"
3558570,189,"Yes","Activities"
3558983,171,"No","All"
3557722,170,"Yes","Accommodation"
3558740,120,"Yes","Activities"
3559029,105,"No","All"
3557966,183,"Yes","Transport"
3559431,133,"Yes","Accommodation"
3558005,151,"No","All"
3558290,119,"No","All"
3559183,162,"No","All"
3559356,207,"Yes","Activities"
3558691,157,"Yes","Transport"
3577635,171,"Yes","Accommodation"
3577735,152,"Yes","Accommodation"
3558307,225,"No","All"
3559638,146,"Yes","Activities"
3558691,158,"Yes","Activities"
3558776,170,"No","All"
3558777,198,"No","All"
3577568,163,"Yes","Activities"
3558691,156,"Yes","Accommodation"
3577724,128,"Yes","Accommodation"
3577785,122,"Yes","Accommodation"
3577837,170,"Yes","Accommodation"
3577735,153,"Yes","Activities"
3559262,157,"Yes","Activities"
3577935,145,"No","All"
3577926,177,"No","All"
3577937,180,"Yes","Activities"
3578185,147,"No","All"
3559262,156,"Yes","Accommodation"
3559344,194,"Yes","Accommodation"
3578740,144,"Yes","Accommodation"
3578299,152,"Yes","Accommodation"
3577937,179,"Yes","Accommodation"
3578754,133,"Yes","Accommodation"
3578335,129,"No","All"
3559462,146,"Yes","Activities"
3577785,123,"Yes","Transport"
3559462,145,"Yes","Accommodation"
3578838,157,"Yes","Accommodation"
3559543,186,"Yes","Accommodation"
3578872,149,"Yes","Accommodation"
3578874,145,"Yes","Transport"
3578785,151,"Yes","Accommodation"
3577635,172,"Yes","Transport"
3559543,187,"Yes","Transport"
3578905,153,"Yes","Accommodation"
3578249,150,"Yes","Activities"
3578851,163,"Yes","Activities"
3578788,148,"Yes","Accommodation"
3578871,151,"Yes","Accommodation"
3578517,129,"Yes","Accommodation"
3578922,145,"Yes","Accommodation"
3578856,154,"Yes","Activities"
3559543,188,"Yes","Activities"
3577837,171,"Yes","Activities"
3578583,140,"Yes","Activities"
3578851,162,"Yes","Accommodation"
3579021,143,"Yes","Accommodation"
3578860,145,"Yes","Accommodation"
3579157,140,"Yes","Accommodation"
3578876,168,"Yes","Activities"
3559879,202,"Yes","Activities"
3579024,153,"Yes","Accommodation"
3579041,148,"Yes","Accommodation"
3559744,162,"No","All"
3578883,156,"Yes","Activities"
3559879,200,"Yes","Accommodation"
3579225,158,"Yes","Accommodation"
3578994,130,"Yes","Accommodation"
3579188,127,"Yes","Transport"
3579192,149,"Yes","Accommodation"
3559879,201,"Yes","Transport"
3579224,132,"Yes","Accommodation"
3579292,150,"Yes","Accommodation"
3579001,156,"Yes","Accommodation"
3579306,153,"Yes","Accommodation"
3579373,143,"Yes","Accommodation"
3579375,146,"Yes","Accommodation"
3577879,125,"No","All"
3579374,140,"Yes","Activities"
3579307,157,"Yes","Accommodation"
3579309,137,"Yes","Accommodation"
3579171,131,"Yes","Accommodation"
3578837,160,"Yes","Activities"
3579407,147,"Yes","Activities"
3579188,128,"Yes","Activities"
3579235,143,"Yes","Activities"
3578247,196,"Yes","Activities"
3579473,127,"Yes","Activities"
3557383,166,"No","All"
3579642,145,"No","All"
3579017,155,"Yes","Accommodation"
3579128,163,"Yes","Accommodation"
3579137,145,"Yes","Accommodation"
3579442,134,"Yes","Transport"
3579251,137,"Yes","Accommodation"
3557944,133,"Yes","Accommodation"
3579741,165,"Yes","Transport"
3558010,164,"Yes","Accommodation"
3579475,143,"Yes","Transport"
3578414,170,"Yes","Accommodation"
3557944,134,"Yes","Transport"
3579403,144,"Yes","Accommodation"
3578464,153,"Yes","Accommodation"
3579458,157,"Yes","Accommodation"
3579278,150,"Yes","Accommodation"
3579301,152,"Yes","Accommodation"
3579741,164,"Yes","Accommodation"
3578464,154,"Yes","Activities"
3579792,178,"Yes","Activities"
3578613,151,"No","All"
3579544,155,"Yes","Activities"
3579741,166,"Yes","Activities"
3558130,165,"No","All"
3579792,176,"Yes","Accommodation"
3558085,165,"Yes","Accommodation"
3558085,166,"Yes","Transport"
3579521,157,"Yes","Accommodation"
3579721,146,"Yes","Accommodation"
3557944,135,"Yes","Activities"
3581163,213,"No","All"
3579405,161,"Yes","Accommodation"
3579792,177,"Yes","Transport"
3579049,143,"Yes","Transport"
3558271,216,"Yes","Accommodation"
3580053,173,"Yes","Accommodation"
3578831,161,"Yes","Accommodation"
3578797,165,"Yes","Activities"
3580053,174,"Yes","Activities"
3558494,155,"Yes","Accommodation"
3579199,149,"Yes","Transport"
3558648,177,"Yes","Accommodation"
3626003,231,"Yes","Accommodation"
3579166,141,"Yes","Accommodation"
3579213,132,"Yes","Accommodation"
3577795,201,"No","All"
3579114,130,"Yes","Activities"
3558271,217,"Yes","Transport"
3579299,142,"Yes","Accommodation"
3558503,149,"No","All"
3626087,207,"No","All"
3558271,218,"Yes","Activities"
3626003,232,"Yes","Activities"
3579349,152,"Yes","Accommodation"
3626102,219,"Yes","Accommodation"
3581207,165,"Yes","Accommodation"
3579416,156,"Yes","Transport"
3579481,143,"Yes","Accommodation"
3579383,148,"Yes","Accommodation"
3558798,137,"No","All"
3579515,132,"Yes","Activities"
3581207,166,"Yes","Activities"
3626301,123,"No","All"
3582972,120,"No","All"
3583015,165,"Yes","Activities"
3579515,131,"Yes","Accommodation"
3559062,184,"Yes","Transport"
3583015,164,"Yes","Accommodation"
3559232,227,"Yes","Accommodation"
3625829,157,"Yes","Accommodation"
3626619,185,"Yes","Accommodation"
3559064,192,"Yes","Activities"
3625772,213,"Yes","Activities"
3626487,146,"Yes","Activities"
3626504,194,"Yes","Activities"
3579499,136,"Yes","Accommodation"
3625772,212,"Yes","Accommodation"
3626504,193,"Yes","Accommodation"
3625863,167,"Yes","Accommodation"
3559339,162,"Yes","Activities"
3559355,194,"Yes","Activities"
3558773,120,"No","All"
3625915,164,"No","All"
3579701,156,"No","All"
3626719,168,"No","All"
3559355,193,"Yes","Accommodation"
3625904,194,"Yes","Accommodation"
3559455,152,"Yes","Activities"
3626149,147,"Yes","Activities"
3626619,186,"Yes","Transport"
3626902,159,"Yes","Accommodation"
3559432,143,"No","All"
3580102,150,"No","All"
3626181,178,"Yes","Activities"
3559500,212,"No","All"
3626181,177,"Yes","Transport"
3627172,145,"Yes","Accommodation"
3579933,151,"Yes","Transport"
3627172,146,"Yes","Transport"
3625863,168,"Yes","Transport"
3626149,145,"Yes","Accommodation"
3626149,146,"Yes","Transport"
3579902,191,"Yes","Activities"
3580049,111,"Yes","Activities"
3627255,129,"Yes","Accommodation"
3580083,140,"Yes","Transport"
3581137,189,"Yes","Accommodation"
3581170,185,"Yes","Transport"
3581170,184,"Yes","Accommodation"
3627257,169,"Yes","Accommodation"
3559741,185,"Yes","Activities"
3581137,190,"Yes","Activities"
3559707,136,"No","All"
3626606,197,"Yes","Activities"
3627172,147,"Yes","Activities"
3577791,128,"No","All"
3581188,132,"No","All"
3628658,173,"Yes","Activities"
3628741,123,"Yes","Accommodation"
3581170,186,"Yes","Activities"
3628741,125,"Yes","Activities"
3628708,143,"Yes","Accommodation"
3626756,189,"Yes","Accommodation"
3628741,124,"Yes","Transport"
3628811,146,"Yes","Transport"
3578234,144,"Yes","Accommodation"
3628677,116,"No","All"
3582893,179,"Yes","Activities"
3626767,241,"Yes","Accommodation"
3582893,177,"Yes","Accommodation"
3626767,242,"Yes","Transport"
3582893,178,"Yes","Transport"
3626767,243,"Yes","Activities"
3626159,129,"No","All"
3578243,128,"No","All"
3578300,151,"Yes","Activities"
3626781,201,"Yes","Accommodation"
3626781,203,"Yes","Activities"
3626933,193,"No","All"
3626372,157,"No","All"
3578457,154,"Yes","Activities"
3625977,159,"Yes","Accommodation"
3578800,162,"Yes","Accommodation"
3630045,166,"Yes","Activities"
3626463,205,"No","All"
3625977,160,"Yes","Transport"
3629895,158,"Yes","Accommodation"
3630045,165,"Yes","Accommodation"
3626411,131,"Yes","Accommodation"
3626781,202,"Yes","Transport"
3579011,136,"Yes","Accommodation"
3578457,153,"Yes","Transport"
3578945,117,"Yes","Accommodation"
3579111,146,"Yes","Transport"
3628648,180,"Yes","Accommodation"
3627442,164,"No","All"
3627210,146,"Yes","Activities"
3630362,112,"No","All"
3579118,137,"Yes","Activities"
3628648,181,"Yes","Transport"
3579134,151,"Yes","Accommodation"
3626511,186,"Yes","Accommodation"
3628805,268,"Yes","Accommodation"
3630413,185,"Yes","Accommodation"
3579127,156,"Yes","Activities"
3628771,154,"No","All"
3579020,148,"Yes","Transport"
3579118,136,"Yes","Accommodation"
3630363,174,"Yes","Accommodation"
3579120,139,"Yes","Accommodation"
3579134,152,"Yes","Transport"
3579245,144,"Yes","Accommodation"
3626594,162,"Yes","Transport"
3626594,161,"Yes","Accommodation"
3630413,186,"Yes","Transport"
3626629,151,"Yes","Accommodation"
3579268,150,"Yes","Accommodation"
3626493,126,"Yes","Activities"
3626594,163,"Yes","Activities"
3628805,269,"Yes","Activities"
3626878,195,"Yes","Activities"
3626612,245,"Yes","Accommodation"
3630413,187,"Yes","Activities"
3630565,161,"No","All"
3579302,151,"Yes","Accommodation"
3626779,169,"Yes","Accommodation"
3626878,194,"Yes","Accommodation"
3579354,130,"Yes","Transport"
3579377,143,"Yes","Accommodation"
3626961,157,"Yes","Accommodation"
3578886,158,"Yes","Activities"
3626998,117,"No","All"
3628898,113,"No","All"
3579470,131,"Yes","Activities"
3629232,184,"Yes","Activities"
3579931,219,"Yes","Activities"
3629155,139,"Yes","Activities"
3629516,227,"Yes","Activities"
3579413,152,"Yes","Accommodation"
3579470,130,"Yes","Accommodation"
3626962,141,"Yes","Accommodation"
3629155,138,"Yes","Accommodation"
3579488,151,"Yes","Accommodation"
3579654,157,"Yes","Accommodation"
3629273,124,"Yes","Accommodation"
3629650,105,"No","All"
3579931,218,"Yes","Accommodation"
3629516,226,"Yes","Accommodation"
3581165,191,"Yes","Activities"
3580065,138,"Yes","Accommodation"
3581190,160,"No","All"
3628535,149,"Yes","Activities"
3581165,190,"Yes","Accommodation"
3628734,146,"Yes","Activities"
3580031,173,"No","All"
3628515,183,"No","All"
3628736,159,"No","All"
3626795,127,"Yes","Transport"
3628751,143,"Yes","Accommodation"
3581181,177,"Yes","Activities"
3581235,157,"Yes","Activities"
3581233,180,"Yes","Accommodation"
3628886,148,"Yes","Accommodation"
3628886,149,"Yes","Transport"
3630118,153,"Yes","Accommodation"
3582864,139,"Yes","Activities"
3630243,187,"Yes","Activities"
3582855,161,"Yes","Accommodation"
3630141,146,"Yes","Accommodation"
3582973,161,"No","All"
3628919,146,"Yes","Accommodation"
3630393,176,"Yes","Activities"
3582903,163,"Yes","Accommodation"
3630243,185,"Yes","Accommodation"
3629184,149,"Yes","Accommodation"
3627197,126,"Yes","Accommodation"
3626914,118,"No","All"
3628886,150,"Yes","Activities"
3630243,186,"Yes","Transport"
3629235,165,"Yes","Accommodation"
3630475,202,"Yes","Accommodation"
3629235,166,"Yes","Activities"
3626425,147,"Yes","Accommodation"
3626130,116,"No","All"
3630475,203,"Yes","Activities"
3629872,121,"No","All"
3626425,148,"Yes","Transport"
3630240,138,"Yes","Accommodation"
3630518,149,"Yes","Activities"
3629184,150,"Yes","Activities"
3630055,204,"Yes","Activities"
3630171,161,"No","All"
3626475,118,"Yes","Accommodation"
3626632,178,"Yes","Accommodation"
3626748,117,"Yes","Accommodation"
3630255,140,"Yes","Accommodation"
3630256,114,"Yes","Accommodation"
3630089,146,"No","All"
3629889,195,"Yes","Activities"
3630507,172,"Yes","Activities"
3626907,158,"Yes","Activities"
3626918,185,"Yes","Accommodation"
3627193,187,"Yes","Accommodation"
3626907,157,"Yes","Transport"
3627043,224,"Yes","Accommodation"
3626425,149,"Yes","Activities"
3627043,226,"Yes","Activities"
3626907,156,"Yes","Accommodation"
3627193,188,"Yes","Activities"
3628586,188,"Yes","Activities"
3627250,151,"No","All"
3627341,158,"Yes","Activities"
3627043,225,"Yes","Transport"
3628586,187,"Yes","Transport"
3628847,167,"Yes","Activities"
3628924,122,"Yes","Activities"
3628924,120,"Yes","Accommodation"
3629213,143,"Yes","Accommodation"
3628924,121,"Yes","Transport"
3629531,149,"Yes","Accommodation"
3629213,144,"Yes","Transport"
3629547,147,"Yes","Accommodation"
3629256,115,"No","All"
3629892,153,"Yes","Activities"
3629213,145,"Yes","Activities"
3629767,135,"No","All"
3629899,139,"Yes","Accommodation"
3628913,201,"No","All"
3630151,133,"Yes","Activities"
3627475,154,"No","All"
3630224,133,"No","All"
3630058,125,"No","All"
3577362,160,"Yes","Activities"
3629942,138,"Yes","Activities"
3577397,146,"Yes","Activities"
3577341,183,"Yes","Accommodation"
3577470,153,"Yes","Accommodation"
3577523,135,"Yes","Transport"
3577970,179,"Yes","Accommodation"
3577397,145,"Yes","Transport"
3577609,117,"Yes","Accommodation"
3577523,134,"Yes","Accommodation"
3577375,126,"Yes","Accommodation"
3577378,154,"Yes","Accommodation"
3577397,144,"Yes","Accommodation"
3577433,169,"Yes","Accommodation"
3577535,169,"Yes","Activities"
3578090,181,"Yes","Activities"
3577476,117,"No","All"
3578022,172,"Yes","Activities"
3578096,152,"Yes","Accommodation"
3578139,245,"Yes","Accommodation"
3578035,124,"Yes","Accommodation"
3578090,180,"Yes","Transport"
3578022,171,"Yes","Accommodation"
3630519,182,"Yes","Activities"
3577958,211,"Yes","Activities"
3578636,128,"Yes","Accommodation"
3578668,154,"Yes","Accommodation"
3578713,148,"Yes","Accommodation"
3578640,136,"Yes","Accommodation"
3577433,170,"Yes","Activities"
3578139,246,"Yes","Activities"
3578590,174,"Yes","Accommodation"
3578641,153,"Yes","Accommodation"
3578599,146,"No","All"
3579618,123,"Yes","Activities"
3579565,162,"Yes","Accommodation"
3579581,149,"Yes","Accommodation"
3578692,151,"Yes","Accommodation"
3579559,142,"Yes","Accommodation"
3578658,152,"Yes","Accommodation"
3579561,139,"Yes","Accommodation"
3577974,173,"Yes","Transport"
3578726,157,"Yes","Transport"
3579587,149,"Yes","Accommodation"
3580313,168,"Yes","Accommodation"
3580482,219,"Yes","Accommodation"
3578593,158,"No","All"
3580336,173,"Yes","Activities"
3580267,176,"Yes","Accommodation"
3580240,177,"Yes","Accommodation"
3580336,172,"Yes","Accommodation"
3580341,206,"No","All"
3580482,221,"Yes","Activities"
3580422,133,"Yes","Accommodation"
3580545,172,"Yes","Accommodation"
3580626,175,"Yes","Accommodation"
3580539,226,"Yes","Activities"
3580417,195,"Yes","Activities"
3578635,138,"Yes","Activities"
3580240,178,"Yes","Activities"
3580438,130,"Yes","Activities"
3580419,142,"No","All"
3580476,131,"Yes","Activities"
3580413,164,"No","All"
3580482,220,"Yes","Transport"
3580533,158,"Yes","Accommodation"
3580650,157,"No","All"
3580533,159,"Yes","Activities"
3580633,213,"No","All"
3580601,187,"Yes","Activities"
3580406,173,"No","All"
3580899,120,"No","All"
3580481,179,"Yes","Activities"
3581296,180,"Yes","Activities"
3580661,126,"Yes","Accommodation"
3580530,143,"Yes","Activities"
3580640,122,"Yes","Activities"
3581241,169,"Yes","Activities"
3581332,175,"No","All"
3581361,181,"Yes","Accommodation"
3580846,142,"Yes","Activities"
3581481,178,"Yes","Accommodation"
3581295,108,"No","All"
3581361,182,"Yes","Activities"
3581627,136,"Yes","Accommodation"
3581752,136,"Yes","Transport"
3581784,198,"Yes","Accommodation"
3581241,168,"Yes","Transport"
3581631,199,"Yes","Accommodation"
3581578,195,"No","All"
3581812,118,"No","All"
3581324,142,"Yes","Activities"
3581769,131,"No","All"
3582096,151,"Yes","Accommodation"
3580817,143,"No","All"
3580481,178,"Yes","Transport"
3581241,167,"Yes","Accommodation"
3580736,134,"Yes","Accommodation"
3581529,179,"Yes","Accommodation"
3581368,189,"No","All"
3581222,138,"Yes","Accommodation"
3581916,159,"No","All"
3582096,153,"Yes","Activities"
3581301,127,"No","All"
3580787,158,"Yes","Activities"
3581736,141,"No","All"
3581765,137,"No","All"
3581701,156,"Yes","Activities"
3581220,179,"Yes","Activities"
3581861,186,"No","All"
3582050,174,"Yes","Activities"
3582270,135,"No","All"
3581797,139,"No","All"
3581902,124,"No","All"
3582126,158,"Yes","Accommodation"
3581573,185,"Yes","Accommodation"
3581503,140,"Yes","Accommodation"
3581573,186,"Yes","Transport"
3582180,201,"Yes","Accommodation"
3581589,166,"Yes","Accommodation"
3582301,129,"Yes","Accommodation"
3581622,216,"Yes","Accommodation"
3582096,152,"Yes","Transport"
3582427,145,"Yes","Accommodation"
3581573,187,"Yes","Activities"
3581589,168,"Yes","Activities"
3582202,130,"No","All"
3582314,141,"No","All"
3582213,113,"Yes","Accommodation"
3582480,144,"Yes","Accommodation"
3581589,167,"Yes","Transport"
3581704,206,"Yes","Accommodation"
3582447,170,"Yes","Accommodation"
3582480,146,"Yes","Activities"
3582519,182,"No","All"
3582480,145,"Yes","Transport"
3581837,179,"Yes","Accommodation"
3581622,217,"Yes","Activities"
3582447,171,"Yes","Activities"
3582563,172,"Yes","Accommodation"
3582008,217,"Yes","Accommodation"
3582569,292,"No","All"
3581839,150,"Yes","Accommodation"
3582615,151,"Yes","Activities"
3581874,130,"No","All"
3583082,151,"No","All"
3581837,180,"Yes","Transport"
3582008,218,"Yes","Transport"
3582570,162,"Yes","Transport"
3582206,184,"Yes","Accommodation"
3583062,150,"Yes","Accommodation"
3582071,197,"Yes","Accommodation"
3582471,184,"Yes","Activities"
3583201,124,"No","All"
3583064,179,"Yes","Activities"
3583170,152,"Yes","Activities"
3582754,137,"Yes","Activities"
3582206,185,"Yes","Activities"
3583434,153,"Yes","Accommodation"
3582452,156,"Yes","Activities"
3583113,127,"No","All"
3582306,206,"Yes","Accommodation"
3583062,151,"Yes","Activities"
3583181,117,"Yes","Activities"
3583223,173,"Yes","Accommodation"
3583473,170,"Yes","Accommodation"
3582256,155,"Yes","Activities"
3582306,207,"Yes","Activities"
3583270,159,"Yes","Activities"
3583473,171,"Yes","Activities"
3583270,158,"Yes","Transport"
3583339,127,"Yes","Transport"
3583482,146,"Yes","Accommodation"
3583703,163,"Yes","Accommodation"
3583479,167,"Yes","Activities"
3583613,176,"Yes","Activities"
3583404,164,"No","All"
3582390,144,"No","All"
3583673,214,"Yes","Activities"
3583680,124,"No","All"
3583270,157,"Yes","Accommodation"
3583248,142,"Yes","Accommodation"
3583651,122,"Yes","Accommodation"
3583720,179,"Yes","Activities"
3583921,132,"No","All"
3583720,178,"Yes","Transport"
3583673,213,"Yes","Accommodation"
3583059,179,"Yes","Accommodation"
3583697,147,"Yes","Accommodation"
3584001,172,"Yes","Accommodation"
3583800,185,"Yes","Activities"
3583059,180,"Yes","Activities"
3583613,174,"Yes","Accommodation"
3583720,177,"Yes","Accommodation"
3583807,204,"Yes","Accommodation"
3583613,175,"Yes","Transport"
3584068,222,"Yes","Accommodation"
3584189,199,"Yes","Accommodation"
3582676,130,"No","All"
3583807,205,"Yes","Activities"
3584189,201,"Yes","Activities"
3584232,169,"Yes","Activities"
3582607,150,"Yes","Activities"
3584009,138,"Yes","Activities"
3584009,136,"Yes","Accommodation"
3584189,200,"Yes","Transport"
3583292,136,"Yes","Accommodation"
3584340,134,"Yes","Accommodation"
3584857,156,"No","All"
3584490,203,"No","All"
3583543,160,"No","All"
3584437,153,"Yes","Accommodation"
3584434,170,"No","All"
3583526,145,"Yes","Accommodation"
3584417,128,"Yes","Accommodation"
3584585,163,"Yes","Accommodation"
3583275,151,"No","All"
3584465,170,"No","All"
3584201,115,"Yes","Transport"
3584585,164,"Yes","Transport"
3584974,148,"Yes","Accommodation"
3584691,153,"Yes","Accommodation"
3584775,206,"Yes","Accommodation"
3584775,207,"Yes","Transport"
3583980,157,"Yes","Accommodation"
3584602,207,"No","All"
3584767,190,"No","All"
3583795,180,"Yes","Activities"
3585573,211,"Yes","Activities"
3584585,165,"Yes","Activities"
3584893,135,"Yes","Activities"
3583980,158,"Yes","Transport"
3585573,210,"Yes","Accommodation"
3584013,173,"Yes","Accommodation"
3584869,160,"Yes","Accommodation"
3584902,169,"No","All"
3585062,203,"No","All"
3584977,136,"Yes","Accommodation"
3585775,191,"Yes","Accommodation"
3585121,173,"Yes","Transport"
3584893,133,"Yes","Accommodation"
3584884,182,"Yes","Activities"
3584978,202,"Yes","Activities"
3584009,137,"Yes","Transport"
3584232,168,"Yes","Accommodation"
3584625,131,"Yes","Accommodation"
3584675,173,"Yes","Accommodation"
3584691,154,"Yes","Transport"
3585422,142,"Yes","Accommodation"
3584272,144,"No","All"
3584775,208,"Yes","Activities"
3584893,134,"Yes","Transport"
3584327,158,"Yes","Accommodation"
3585151,233,"Yes","Accommodation"
3586007,168,"Yes","Accommodation"
3584346,158,"Yes","Accommodation"
3585327,183,"Yes","Accommodation"
3586408,176,"Yes","Accommodation"
3585195,181,"Yes","Accommodation"
3585211,178,"Yes","Accommodation"
3585455,192,"Yes","Accommodation"
3585244,180,"No","All"
3586408,178,"Yes","Activities"
3584564,121,"Yes","Accommodation"
3585327,184,"Yes","Transport"
3584546,167,"Yes","Accommodation"
3585211,180,"Yes","Activities"
3585455,194,"Yes","Activities"
3584978,201,"Yes","Accommodation"
3584128,153,"Yes","Accommodation"
3585211,179,"Yes","Transport"
3585218,139,"Yes","Accommodation"
3586408,177,"Yes","Transport"
3585455,193,"Yes","Transport"
3583980,159,"Yes","Activities"
3585195,182,"Yes","Activities"
3586411,218,"Yes","Accommodation"
3586044,160,"No","All"
3585603,155,"No","All"
3585588,161,"Yes","Accommodation"
3584730,187,"Yes","Accommodation"
3584747,167,"Yes","Accommodation"
3584579,193,"Yes","Activities"
3586746,223,"Yes","Activities"
3585327,185,"Yes","Activities"
3585588,162,"Yes","Activities"
3585838,138,"Yes","Accommodation"
3586746,221,"Yes","Accommodation"
3586595,167,"Yes","Activities"
3585645,195,"Yes","Activities"
3584780,198,"Yes","Accommodation"
3585980,155,"Yes","Activities"
3585931,142,"No","All"
3585937,265,"Yes","Activities"
3587210,183,"No","All"
3584931,128,"Yes","Activities"
3585906,144,"No","All"
3585944,120,"Yes","Accommodation"
3585845,145,"Yes","Accommodation"
3586746,222,"Yes","Transport"
3586896,132,"Yes","Accommodation"
3585937,264,"Yes","Accommodation"
3584931,126,"Yes","Accommodation"
3584712,141,"Yes","Activities"
3584747,168,"Yes","Activities"
3584931,127,"Yes","Transport"
3590120,228,"Yes","Accommodation"
3585980,153,"Yes","Accommodation"
3584999,194,"Yes","Accommodation"
3586047,171,"No","All"
3586180,165,"No","All"
3590405,165,"Yes","Activities"
3585181,196,"No","All"
3590269,175,"Yes","Accommodation"
3585980,154,"Yes","Transport"
3585081,142,"Yes","Accommodation"
3590405,163,"Yes","Accommodation"
3585350,165,"Yes","Activities"
3586388,248,"No","All"
3586164,133,"Yes","Transport"
3585248,149,"Yes","Accommodation"
3585350,164,"Yes","Accommodation"
3586147,219,"Yes","Activities"
3586848,216,"No","All"
3585497,126,"No","All"
3591105,214,"Yes","Activities"
3585248,150,"Yes","Transport"
3586448,135,"Yes","Transport"
3590405,164,"Yes","Transport"
3586147,218,"Yes","Accommodation"
3586490,159,"Yes","Accommodation"
3591088,151,"Yes","Accommodation"
3591105,212,"Yes","Accommodation"
3591156,177,"Yes","Accommodation"
3590654,166,"Yes","Transport"
3586490,160,"Yes","Transport"
3586788,186,"Yes","Accommodation"
3591156,178,"Yes","Transport"
3585632,164,"Yes","Accommodation"
3586991,153,"No","All"
3591291,114,"Yes","Activities"
3586808,191,"Yes","Activities"
3591221,141,"No","All"
3586012,121,"Yes","Activities"
3586897,196,"Yes","Activities"
3591105,213,"Yes","Transport"
3587248,156,"Yes","Accommodation"
3591541,223,"Yes","Activities"
3587283,171,"No","All"
3585765,183,"No","All"
3587391,117,"No","All"
3587425,178,"Yes","Accommodation"
3587434,165,"Yes","Accommodation"
3586266,152,"Yes","Accommodation"
3587008,159,"Yes","Activities"
3587248,158,"Yes","Activities"
3587140,141,"Yes","Accommodation"
3591506,211,"Yes","Accommodation"
3587625,160,"Yes","Accommodation"
3587686,119,"No","All"
3586467,203,"Yes","Activities"
3591973,175,"Yes","Accommodation"
3586490,161,"Yes","Activities"
3587552,147,"Yes","Activities"
3591973,177,"Yes","Activities"
3591976,157,"No","All"
3587248,157,"Yes","Transport"
3587652,134,"Yes","Accommodation"
3586467,201,"Yes","Accommodation"
3591358,161,"Yes","Activities"
3592058,158,"Yes","Activities"
3592090,242,"No","All"
3587333,172,"No","All"
3590408,165,"No","All"
3590485,221,"Yes","Activities"
3586202,171,"Yes","Activities"
3586585,131,"No","All"
3592076,122,"Yes","Transport"
3587458,226,"Yes","Accommodation"
3592375,177,"Yes","Accommodation"
3586467,202,"Yes","Transport"
3592491,132,"Yes","Accommodation"
3592076,121,"Yes","Accommodation"
3591973,176,"Yes","Transport"
3587544,168,"Yes","Accommodation"
3592592,141,"Yes","Accommodation"
3587037,180,"Yes","Accommodation"
3592645,143,"Yes","Accommodation"
3592660,127,"Yes","Accommodation"
3587121,154,"Yes","Accommodation"
3592592,142,"Yes","Activities"
3592677,167,"Yes","Activities"
3590626,157,"Yes","Activities"
3590091,236,"Yes","Activities"
3586901,144,"Yes","Activities"
3592678,169,"Yes","Activities"
3590776,145,"Yes","Accommodation"
3592677,166,"Yes","Transport"
3592742,138,"Yes","Accommodation"
3587289,139,"Yes","Accommodation"
3592826,126,"Yes","Accommodation"
3590166,149,"Yes","Accommodation"
3592827,153,"Yes","Activities"
3592895,130,"Yes","Activities"
3587389,118,"No","All"
3590166,151,"Yes","Activities"
3590992,127,"No","All"
3592945,168,"No","All"
3592728,193,"Yes","Accommodation"
3592862,135,"Yes","Accommodation"
3590166,150,"Yes","Transport"
3591321,148,"Yes","Accommodation"
3593012,140,"Yes","Accommodation"
3587639,136,"Yes","Accommodation"
3593028,146,"Yes","Accommodation"
3587672,220,"Yes","Accommodation"
3591460,154,"Yes","Accommodation"
3591635,128,"Yes","Activities"
3593463,143,"No","All"
3592827,152,"Yes","Transport"
3591635,127,"Yes","Transport"
3590077,141,"Yes","Accommodation"
3593427,134,"Yes","Accommodation"
3591764,148,"Yes","Accommodation"
3593026,139,"Yes","Accommodation"
3592977,134,"Yes","Activities"
3587672,221,"Yes","Activities"
3591635,126,"Yes","Accommodation"
3590180,179,"Yes","Accommodation"
3593378,152,"Yes","Activities"
3590229,155,"Yes","Activities"
3587670,175,"Yes","Activities"
3593548,137,"Yes","Activities"
3590734,116,"Yes","Accommodation"
3590229,153,"Yes","Accommodation"
3590229,154,"Yes","Transport"
3593563,124,"Yes","Transport"
3593645,136,"Yes","Transport"
3590759,177,"Yes","Transport"
3591919,217,"Yes","Accommodation"
3591821,124,"No","All"
3591919,218,"Yes","Activities"
3593596,136,"Yes","Activities"
3590759,178,"Yes","Activities"
3593596,135,"Yes","Accommodation"
3593645,135,"Yes","Accommodation"
3590759,176,"Yes","Accommodation"
3590784,158,"No","All"
3593832,141,"No","All"
3591000,134,"Yes","Transport"
3594030,158,"Yes","Accommodation"
3590548,173,"Yes","Accommodation"
3593999,136,"Yes","Accommodation"
3592387,141,"No","All"
3591111,116,"No","All"
3594065,144,"Yes","Accommodation"
3593898,147,"Yes","Accommodation"
3592514,142,"Yes","Accommodation"
3594215,133,"Yes","Transport"
3590548,174,"Yes","Transport"
3594233,152,"Yes","Accommodation"
3592303,163,"Yes","Accommodation"
3594064,134,"Yes","Accommodation"
3590412,226,"No","All"
3592262,159,"No","All"
3594066,140,"Yes","Transport"
3592564,156,"Yes","Accommodation"
3592691,172,"Yes","Accommodation"
3592407,196,"No","All"
3594332,126,"Yes","Activities"
3592614,151,"Yes","Accommodation"
3594115,148,"Yes","Accommodation"
3591170,126,"Yes","Accommodation"
3592564,157,"Yes","Transport"
3592621,149,"Yes","Accommodation"
3590899,123,"Yes","Accommodation"
3592648,145,"Yes","Accommodation"
3594263,156,"Yes","Activities"
3591436,182,"Yes","Activities"
3591418,179,"Yes","Accommodation"
3591013,130,"Yes","Accommodation"
3592839,149,"Yes","Accommodation"
3594432,145,"Yes","Accommodation"
3592691,173,"Yes","Activities"
3594515,121,"Yes","Activities"
3592857,154,"Yes","Accommodation"
3594548,152,"Yes","Accommodation"
3592782,140,"Yes","Accommodation"
3594465,165,"Yes","Accommodation"
3592823,144,"Yes","Transport"
3590497,140,"Yes","Activities"
3591468,183,"Yes","Accommodation"
3591611,135,"No","All"
3592925,140,"Yes","Accommodation"
3592932,142,"Yes","Accommodation"
3592966,140,"Yes","Accommodation"
3594665,147,"Yes","Accommodation"
3592975,157,"Yes","Accommodation"
3592973,139,"Yes","Accommodation"
3594715,157,"Yes","Accommodation"
3592982,152,"Yes","Accommodation"
3594717,136,"Yes","Accommodation"
3591738,178,"No","All"
3593148,151,"Yes","Activities"
3591299,160,"Yes","Transport"
3594732,147,"Yes","Accommodation"
3594751,137,"Yes","Accommodation"
3591500,125,"Yes","Accommodation"
3591863,133,"Yes","Accommodation"
3594750,143,"Yes","Accommodation"
3591468,184,"Yes","Activities"
3593030,151,"Yes","Activities"
3593107,142,"Yes","Accommodation"
3592839,150,"Yes","Activities"
3594866,140,"Yes","Activities"
3591648,215,"Yes","Activities"
3593300,170,"No","All"
3593014,150,"Yes","Activities"
3593264,134,"Yes","Activities"
3591863,134,"Yes","Transport"
3594851,160,"Yes","Accommodation"
3595017,160,"Yes","Accommodation"
3591648,214,"Yes","Accommodation"
3591863,135,"Yes","Activities"
3594884,143,"Yes","Accommodation"
3593307,153,"Yes","Activities"
3595032,158,"Yes","Accommodation"
3591920,117,"Yes","Activities"
3593325,155,"Yes","Activities"
3593325,154,"Yes","Accommodation"
3595067,151,"Yes","Accommodation"
3591717,178,"Yes","Accommodation"
3595083,161,"Yes","Accommodation"
3593366,150,"Yes","Accommodation"
3593434,141,"Yes","Accommodation"
3591949,156,"Yes","Accommodation"
3595234,150,"Yes","Accommodation"
3593518,120,"Yes","Accommodation"
3595201,140,"Yes","Accommodation"
3591717,179,"Yes","Activities"
3593482,143,"Yes","Activities"
3592095,128,"Yes","Activities"
3593475,139,"Yes","Activities"
3592033,201,"Yes","Activities"
3593541,126,"Yes","Activities"
3592256,140,"Yes","Activities"
3595503,133,"Yes","Activities"
3593711,124,"No","All"
3595552,159,"Yes","Activities"
3592365,154,"No","All"
3592388,151,"No","All"
3592033,199,"Yes","Accommodation"
3595417,136,"Yes","Accommodation"
3595533,155,"Yes","Accommodation"
3595401,146,"Yes","Accommodation"
3595570,156,"Yes","Transport"
3595601,139,"Yes","Accommodation"
3593475,138,"Yes","Accommodation"
3595233,134,"Yes","Accommodation"
3595269,156,"Yes","Accommodation"
3592306,149,"No","All"
3592152,163,"No","All"
3595369,147,"Yes","Accommodation"
3595620,133,"Yes","Accommodation"
3595637,136,"Yes","Accommodation"
3593859,141,"Yes","Accommodation"
3593791,134,"Yes","Activities"
3592319,156,"No","All"
3595818,176,"Yes","Transport"
3592531,157,"Yes","Accommodation"
3594018,185,"Yes","Accommodation"
3592033,200,"Yes","Transport"
3594018,186,"Yes","Transport"
3595818,175,"Yes","Accommodation"
3592579,123,"Yes","Accommodation"
3593818,145,"Yes","Activities"
3594018,187,"Yes","Activities"
3595569,137,"Yes","Activities"
3593859,142,"Yes","Activities"
3595818,177,"Yes","Activities"
3592579,124,"Yes","Activities"
3596086,128,"No","All"
3592383,160,"Yes","Activities"
3592631,127,"Yes","Accommodation"
3592665,141,"Yes","Transport"
3594195,136,"Yes","Accommodation"
3596220,156,"Yes","Transport"
3596287,139,"Yes","Accommodation"
3594150,114,"Yes","Accommodation"
3596386,128,"Yes","Transport"
3594304,136,"Yes","Accommodation"
3594061,142,"Yes","Accommodation"
3592383,159,"Yes","Accommodation"
3594068,147,"Yes","Accommodation"
3592631,128,"Yes","Transport"
3592501,143,"Yes","Accommodation"
3592604,139,"Yes","Activities"
3592713,154,"Yes","Activities"
3592601,197,"Yes","Activities"
3596419,128,"Yes","Activities"
3596387,144,"Yes","Accommodation"
3592635,142,"Yes","Accommodation"
3592831,127,"Yes","Accommodation"
3592688,160,"Yes","Transport"
3592822,160,"Yes","Accommodation"
3594352,149,"Yes","Accommodation"
3592913,139,"Yes","Accommodation"
3592956,150,"Yes","Accommodation"
3596469,155,"Yes","Accommodation"
3594395,125,"Yes","Accommodation"
3596472,132,"Yes","Activities"
3594488,144,"Yes","Activities"
3592831,128,"Yes","Transport"
3596586,193,"Yes","Accommodation"
3594570,131,"Yes","Accommodation"
3596452,137,"Yes","Activities"
3596606,152,"Yes","Activities"
3594586,142,"Yes","Activities"
3592854,151,"Yes","Activities"
3596606,150,"Yes","Accommodation"
3593108,124,"Yes","Transport"
3592901,141,"Yes","Accommodation"
3594697,143,"Yes","Accommodation"
3592904,148,"Yes","Accommodation"
3593251,141,"Yes","Accommodation"
3592913,140,"Yes","Transport"
3593226,146,"Yes","Accommodation"
3596839,129,"Yes","Accommodation"
3593281,159,"Yes","Accommodation"
3594745,135,"Yes","Accommodation"
3594727,163,"Yes","Accommodation"
3592784,162,"Yes","Activities"
3593004,145,"Yes","Activities"
3594797,159,"Yes","Activities"
3593051,167,"Yes","Activities"
3596606,151,"Yes","Transport"
3592821,139,"Yes","Accommodation"
3596387,145,"Yes","Activities"
3594711,152,"Yes","Activities"
3594586,141,"Yes","Transport"
3596770,129,"Yes","Accommodation"
3593224,152,"Yes","Accommodation"
3594743,149,"Yes","Accommodation"
3593340,133,"Yes","Accommodation"
3594797,158,"Yes","Accommodation"
3593392,150,"Yes","Accommodation"
3594829,194,"Yes","Accommodation"
3597106,191,"Yes","Accommodation"
3594838,146,"Yes","Accommodation"
3597172,163,"Yes","Accommodation"
3597056,130,"No","All"
3594854,181,"Yes","Activities"
3593155,167,"Yes","Activities"
3597308,178,"No","All"
3593308,156,"Yes","Transport"
3593053,149,"Yes","Accommodation"
3594854,180,"Yes","Accommodation"
3593037,130,"Yes","Accommodation"
3593435,147,"Yes","Accommodation"
3594904,150,"Yes","Accommodation"
3593220,140,"Yes","Accommodation"
3593567,148,"Yes","Accommodation"
3594979,140,"Yes","Accommodation"
3595004,146,"Yes","Accommodation"
3597742,126,"Yes","Accommodation"
3593549,155,"Yes","Transport"
3593289,157,"Yes","Accommodation"
3597206,135,"Yes","Activities"
3595013,145,"Yes","Activities"
3593338,153,"Yes","Accommodation"
3593685,134,"Yes","Accommodation"
3597924,149,"Yes","Accommodation"
3595045,133,"Yes","Accommodation"
3593406,151,"Yes","Accommodation"
3595129,139,"Yes","Accommodation"
3593835,163,"Yes","Transport"
3598107,193,"Yes","Accommodation"
3595061,134,"Yes","Activities"
3595129,140,"Yes","Activities"
3593605,160,"Yes","Accommodation"
3593369,146,"Yes","Transport"
3593835,162,"Yes","Accommodation"
3595206,141,"Yes","Transport"
3593858,140,"Yes","Accommodation"
3593586,135,"Yes","Accommodation"
3595340,142,"Yes","Accommodation"
3598107,194,"Yes","Transport"
3594108,155,"Yes","Accommodation"
3594044,140,"Yes","Accommodation"
3594904,151,"Yes","Activities"
3594128,130,"Yes","Activities"
3594135,127,"Yes","Activities"
3595345,144,"Yes","Accommodation"
3593673,129,"Yes","Activities"
3593637,145,"Yes","Accommodation"
3598127,196,"Yes","Accommodation"
3593639,140,"Yes","Accommodation"
3595463,153,"Yes","Transport"
3598325,181,"Yes","Accommodation"
3598107,195,"Yes","Activities"
3598343,140,"Yes","Activities"
3593689,156,"Yes","Accommodation"
3598343,138,"Yes","Accommodation"
3594162,158,"Yes","Transport"
3595499,129,"Yes","Accommodation"
3594203,153,"Yes","Accommodation"
3598343,139,"Yes","Transport"
3594162,157,"Yes","Accommodation"
3598344,145,"Yes","Accommodation"
3595513,151,"Yes","Accommodation"
3594269,143,"Yes","Accommodation"
3595556,133,"Yes","Transport"
3594328,128,"Yes","Accommodation"
3593870,139,"Yes","Transport"
3595649,146,"Yes","Accommodation"
3593803,132,"Yes","Accommodation"
3594346,169,"Yes","Accommodation"
3598344,146,"Yes","Activities"
3598425,185,"Yes","Activities"
3594312,136,"Yes","Accommodation"
3593870,138,"Yes","Accommodation"
3595758,154,"Yes","Accommodation"
3598009,187,"No","All"
3598578,163,"No","All"
3594512,172,"Yes","Accommodation"
3594471,142,"Yes","Accommodation"
3594646,144,"Yes","Accommodation"
3598742,195,"Yes","Accommodation"
3593773,136,"Yes","Accommodation"
3593854,172,"Yes","Accommodation"
3595613,149,"Yes","Accommodation"
3598494,119,"Yes","Transport"
3598592,138,"Yes","Accommodation"
3594462,139,"Yes","Transport"
3594485,141,"Yes","Accommodation"
3594535,147,"Yes","Accommodation"
3594269,144,"Yes","Activities"
3594719,134,"Yes","Activities"
3598962,144,"Yes","Accommodation"
3594441,156,"Yes","Accommodation"
3596142,184,"Yes","Transport"
3594406,167,"Yes","Accommodation"
3594551,127,"Yes","Accommodation"
3594553,153,"Yes","Accommodation"
3594678,140,"Yes","Accommodation"
3594389,149,"Yes","Accommodation"
3594385,137,"Yes","Activities"
3594746,143,"Yes","Activities"
3596142,183,"Yes","Accommodation"
3594512,173,"Yes","Activities"
3596231,169,"Yes","Activities"
3594771,120,"Yes","Transport"
3599010,134,"Yes","Accommodation"
3594785,166,"Yes","Accommodation"
3594475,131,"Yes","Accommodation"
3599029,143,"Yes","Accommodation"
3599063,139,"Yes","Accommodation"
3594492,160,"Yes","Accommodation"
3594507,132,"Yes","Accommodation"
3594785,167,"Yes","Transport"
3596231,168,"Yes","Accommodation"
3594188,132,"Yes","Activities"
3594608,135,"Yes","Activities"
3594575,131,"Yes","Activities"
3595012,138,"Yes","Activities"
3594590,159,"Yes","Accommodation"
3594606,130,"Yes","Accommodation"
3599297,139,"Yes","Activities"
3595148,140,"Yes","Activities"
3596142,185,"Yes","Activities"
3594674,133,"Yes","Activities"
3594474,121,"Yes","Transport"
3599045,131,"Yes","Accommodation"
3594837,146,"Yes","Accommodation"
3594539,152,"Yes","Accommodation"
3596442,151,"Yes","Accommodation"
3599176,139,"Yes","Accommodation"
3594608,134,"Yes","Accommodation"
3599245,144,"Yes","Accommodation"
3594658,129,"Yes","Transport"
3595112,145,"Yes","Accommodation"
3599280,150,"Yes","Accommodation"
3595148,138,"Yes","Accommodation"
3599160,153,"Yes","Transport"
3599312,143,"Yes","Accommodation"
3596749,144,"Yes","Transport"
3599360,150,"Yes","Accommodation"
3595221,142,"Yes","Accommodation"
3596894,148,"Yes","Accommodation"
3596749,143,"Yes","Accommodation"
3594756,136,"Yes","Accommodation"
3595178,151,"Yes","Activities"
3596894,149,"Yes","Activities"
3596883,169,"Yes","Accommodation"
3595246,154,"Yes","Accommodation"
3594773,176,"Yes","Accommodation"
3596406,132,"No","All"
3596749,145,"Yes","Activities"
3595123,136,"Yes","Transport"
3599310,133,"Yes","Accommodation"
3596892,167,"Yes","Accommodation"
3595273,143,"Yes","Transport"
3594793,174,"Yes","Accommodation"
3594859,158,"Yes","Accommodation"
3599513,140,"Yes","Accommodation"
3594824,183,"Yes","Accommodation"
3599463,130,"Yes","Activities"
3594856,206,"No","All"
3594807,150,"No","All"
3594824,184,"Yes","Activities"
3595148,139,"Yes","Transport"
3594859,159,"Yes","Transport"
3594859,160,"Yes","Activities"
3597101,185,"No","All"
3595332,142,"Yes","Accommodation"
3599647,128,"Yes","Accommodation"
3594874,138,"Yes","Transport"
3599714,143,"Yes","Accommodation"
3595371,149,"Yes","Accommodation"
3599360,151,"Yes","Activities"
3595371,150,"Yes","Activities"
3599663,150,"Yes","Accommodation"
3597219,167,"Yes","Accommodation"
3599863,141,"Yes","Accommodation"
3595059,142,"Yes","Accommodation"
3595396,143,"Yes","Accommodation"
3595396,144,"Yes","Activities"
3595259,151,"Yes","Activities"
3595024,146,"Yes","Accommodation"
3595092,134,"Yes","Transport"
3595140,154,"Yes","Accommodation"
3595430,137,"Yes","Accommodation"
3599964,152,"Yes","Accommodation"
3595241,149,"Yes","Accommodation"
3594873,144,"Yes","Accommodation"
3595144,145,"Yes","Accommodation"
3597587,149,"Yes","Accommodation"
3595480,150,"Yes","Accommodation"
3597587,150,"Yes","Transport"
3595378,154,"Yes","Accommodation"
3599697,190,"No","All"
3595632,157,"Yes","Activities"
3595632,156,"Yes","Accommodation"
3595237,137,"Yes","Activities"
3597587,151,"Yes","Activities"
3600146,120,"No","All"
3595639,143,"Yes","Activities"
3597437,158,"Yes","Accommodation"
3600096,174,"Yes","Accommodation"
3595324,134,"Yes","Transport"
3595391,134,"Yes","Accommodation"
3600232,134,"Yes","Accommodation"
3600263,191,"Yes","Accommodation"
3595427,150,"Yes","Accommodation"
3597939,175,"Yes","Accommodation"
3595592,140,"Yes","Accommodation"
3598014,188,"Yes","Accommodation"
3595441,150,"Yes","Activities"
3597864,191,"Yes","Activities"
3600667,180,"No","All"
3598080,178,"No","All"
3595461,135,"Yes","Transport"
3600364,204,"Yes","Accommodation"
3600716,149,"Yes","Accommodation"
3598121,135,"Yes","Accommodation"
3596007,130,"No","All"
3600748,178,"Yes","Activities"
3595692,123,"Yes","Activities"
3595695,131,"Yes","Activities"
3600731,149,"Yes","Accommodation"
3596100,138,"Yes","Accommodation"
3600748,176,"Yes","Accommodation"
3598362,134,"Yes","Accommodation"
3598373,149,"Yes","Accommodation"
3595742,191,"Yes","Activities"
3598362,135,"Yes","Activities"
3595742,190,"Yes","Accommodation"
3595827,142,"Yes","Activities"
3598348,159,"Yes","Activities"
3598348,158,"Yes","Accommodation"
3600834,146,"Yes","Accommodation"
3595809,132,"Yes","Accommodation"
3595595,149,"Yes","Activities"
3598364,160,"No","All"
3598557,149,"Yes","Accommodation"
3598614,159,"Yes","Accommodation"
3600748,177,"Yes","Transport"
3596382,136,"Yes","Accommodation"
3595861,117,"No","All"
3596009,169,"No","All"
3596398,127,"Yes","Accommodation"
3596425,140,"Yes","Accommodation"
3598523,154,"Yes","Activities"
3601000,171,"No","All"
3596046,126,"No","All"
3596468,157,"Yes","Activities"
3598646,190,"Yes","Accommodation"
3601333,141,"Yes","Accommodation"
3598746,164,"Yes","Accommodation"
3601416,139,"Yes","Accommodation"
3601419,156,"Yes","Accommodation"
3600983,201,"No","All"
3596566,150,"Yes","Activities"
3598764,148,"Yes","Accommodation"
3601419,157,"Yes","Transport"
3601452,141,"Yes","Transport"
3596566,149,"Yes","Accommodation"
3601634,148,"Yes","Accommodation"
3601453,158,"Yes","Accommodation"
3598557,150,"Yes","Transport"
3601617,143,"Yes","Accommodation"
3596446,148,"Yes","Activities"
3601687,159,"Yes","Activities"
3601518,147,"Yes","Activities"
3601653,139,"Yes","Activities"
3601687,158,"Yes","Transport"
3601701,149,"Yes","Accommodation"
3599209,133,"Yes","Accommodation"
3599073,179,"Yes","Accommodation"
3596611,177,"Yes","Accommodation"
3601720,133,"Yes","Accommodation"
3596446,147,"Yes","Accommodation"
3599175,135,"Yes","Accommodation"
3599214,158,"Yes","Accommodation"
3601700,149,"Yes","Activities"
3596611,178,"Yes","Activities"
3601636,138,"Yes","Accommodation"
3601687,157,"Yes","Accommodation"
3599182,157,"Yes","Accommodation"
3599198,131,"Yes","Accommodation"
3599241,123,"Yes","Accommodation"
3601368,148,"Yes","Activities"
3601787,144,"Yes","Activities"
3599089,137,"Yes","Activities"
3596882,155,"No","All"
3601951,134,"Yes","Accommodation"
3599393,150,"Yes","Accommodation"
3599434,139,"Yes","Accommodation"
3601836,153,"Yes","Accommodation"
3599382,156,"Yes","Accommodation"
3602171,142,"Yes","Accommodation"
3602202,147,"Yes","Accommodation"
3599625,143,"Yes","Accommodation"
3599707,153,"Yes","Accommodation"
3597215,154,"Yes","Accommodation"
3597209,142,"Yes","Activities"
3599700,127,"Yes","Activities"
3597209,140,"Yes","Accommodation"
3597029,133,"Yes","Accommodation"
3599475,167,"Yes","Accommodation"
3599448,145,"Yes","Activities"
3602070,129,"Yes","Activities"
3597418,169,"Yes","Activities"
3599866,142,"Yes","Activities"
3597209,141,"Yes","Transport"
3602053,132,"Yes","Accommodation"
3602070,128,"Yes","Accommodation"
3599523,162,"Yes","Accommodation"
3597125,160,"No","All"
3602037,231,"No","All"
3599598,141,"Yes","Activities"
3599891,197,"Yes","Activities"
3602372,190,"Yes","Accommodation"
3599627,142,"Yes","Transport"
3602538,177,"Yes","Accommodation"
3602437,141,"Yes","Accommodation"
3599866,141,"Yes","Accommodation"
3597602,167,"Yes","Accommodation"
3597664,144,"Yes","Accommodation"
3600041,166,"Yes","Accommodation"
3602638,147,"Yes","Transport"
3600093,143,"Yes","Accommodation"
3599893,139,"Yes","Transport"
3597602,168,"Yes","Transport"
3597664,145,"Yes","Transport"
3600041,167,"Yes","Transport"
3600170,213,"Yes","Transport"
3600200,179,"Yes","Transport"
3597779,175,"Yes","Accommodation"
3600120,125,"Yes","Accommodation"
3600170,212,"Yes","Accommodation"
3597602,169,"Yes","Activities"
3600093,145,"Yes","Activities"
3602803,154,"Yes","Transport"
3602855,163,"Yes","Transport"
3597715,175,"Yes","Accommodation"
3603072,147,"Yes","Accommodation"
3600041,168,"Yes","Activities"
3602720,196,"Yes","Activities"
3597779,176,"Yes","Transport"
3598067,156,"Yes","Accommodation"
3600093,144,"Yes","Transport"
3600200,178,"Yes","Accommodation"
3602855,162,"Yes","Accommodation"
3602905,198,"Yes","Accommodation"
3597948,158,"Yes","Accommodation"
3602970,134,"Yes","Accommodation"
3602971,156,"Yes","Accommodation"
3602538,178,"Yes","Activities"
3602806,146,"Yes","Activities"
3597779,177,"Yes","Activities"
3597872,144,"Yes","Activities"
3603288,139,"Yes","Accommodation"
3603089,126,"Yes","Accommodation"
3597986,142,"Yes","Accommodation"
3600754,149,"Yes","Accommodation"
3597802,168,"No","All"
3600170,214,"Yes","Activities"
3602855,164,"Yes","Activities"
3602905,199,"Yes","Activities"
3600593,170,"Yes","Accommodation"
3600720,242,"Yes","Accommodation"
3603072,148,"Yes","Activities"
3600593,171,"Yes","Activities"
3603070,191,"No","All"
3600688,141,"Yes","Activities"
3598038,185,"Yes","Activities"
3600754,151,"Yes","Activities"
3600754,150,"Yes","Transport"
3603339,132,"Yes","Accommodation"
3598417,197,"Yes","Accommodation"
3598435,132,"Yes","Accommodation"
3600836,162,"Yes","Accommodation"
3603441,130,"Yes","Accommodation"
3603455,137,"Yes","Accommodation"
3603089,127,"Yes","Activities"
3598106,195,"Yes","Activities"
3603408,145,"Yes","Transport"
3603438,110,"Yes","Accommodation"
3603408,144,"Yes","Accommodation"
3598070,165,"Yes","Accommodation"
3598106,193,"Yes","Accommodation"
3598417,198,"Yes","Activities"
3600836,163,"Yes","Activities"
3603489,158,"Yes","Activities"
3598568,159,"Yes","Activities"
3598329,180,"No","All"
3603507,152,"Yes","Activities"
3600972,159,"Yes","Accommodation"
3603674,159,"Yes","Accommodation"
3603756,147,"Yes","Transport"
3601245,131,"Yes","Accommodation"
3603757,139,"Yes","Accommodation"
3601247,131,"Yes","Accommodation"
3601211,143,"Yes","Accommodation"
3601254,136,"Yes","Accommodation"
3598106,194,"Yes","Transport"
3601195,132,"Yes","Accommodation"
3598770,137,"Yes","Accommodation"
3601047,196,"No","All"
3603839,138,"Yes","Activities"
3603890,154,"Yes","Transport"
3603973,139,"Yes","Accommodation"
3601306,161,"Yes","Accommodation"
3598772,163,"No","All"
3603973,140,"Yes","Activities"
3598797,185,"Yes","Accommodation"
3603542,128,"Yes","Transport"
3601195,133,"Yes","Transport"
3598753,191,"Yes","Accommodation"
3598971,265,"Yes","Accommodation"
3599004,133,"Yes","Accommodation"
3599019,133,"Yes","Accommodation"
3601281,144,"Yes","Activities"
3598971,267,"Yes","Activities"
3601404,163,"Yes","Accommodation"
3604009,151,"Yes","Transport"
3598865,176,"Yes","Accommodation"
3598971,266,"Yes","Transport"
3598847,168,"Yes","Accommodation"
3601406,126,"Yes","Accommodation"
3599171,165,"Yes","Accommodation"
3599019,134,"Yes","Transport"
3599042,151,"Yes","Accommodation"
3604109,144,"Yes","Accommodation"
3599218,154,"Yes","Accommodation"
3599124,138,"Yes","Accommodation"
3603674,160,"Yes","Activities"
3604109,145,"Yes","Activities"
3599218,155,"Yes","Activities"
3601615,143,"Yes","Activities"
3599054,141,"Yes","Accommodation"
3599069,125,"Yes","Accommodation"
3599103,135,"Yes","Accommodation"
3604244,141,"Yes","Transport"
3601615,142,"Yes","Accommodation"
3604275,145,"Yes","Transport"
3601697,147,"Yes","Transport"
3599106,152,"Yes","Accommodation"
3599181,162,"Yes","Accommodation"
3599388,145,"Yes","Accommodation"
3604294,167,"Yes","Accommodation"
3604360,143,"Yes","Accommodation"
3603756,148,"Yes","Activities"
3604394,143,"Yes","Accommodation"
3599281,142,"Yes","Accommodation"
3599471,147,"Yes","Accommodation"
3601624,160,"Yes","Accommodation"
3601656,135,"Yes","Transport"
3601774,154,"Yes","Transport"
3599326,136,"Yes","Accommodation"
3604544,142,"Yes","Accommodation"
3599331,151,"Yes","Accommodation"
3599399,151,"Yes","Accommodation"
3604628,131,"Yes","Accommodation"
3599088,146,"Yes","Activities"
3599290,147,"Yes","Accommodation"
3604474,177,"Yes","Accommodation"
3599333,142,"Yes","Accommodation"
3599422,136,"Yes","Accommodation"
3604476,161,"Yes","Accommodation"
3599472,159,"Yes","Transport"
3601974,124,"Yes","Accommodation"
3599271,144,"Yes","Activities"
3601838,149,"Yes","Activities"
3604327,174,"Yes","Activities"
3599249,154,"Yes","Activities"
3599349,142,"Yes","Activities"
3599399,152,"Yes","Activities"
3599456,154,"Yes","Activities"
3604758,150,"Yes","Activities"
3602067,175,"Yes","Accommodation"
3601697,148,"Yes","Activities"
3602022,145,"Yes","Activities"
3599521,152,"Yes","Transport"
3599605,155,"Yes","Transport"
3602067,176,"Yes","Transport"
3599485,136,"Yes","Accommodation"
3599142,142,"Yes","Activities"
3602067,177,"Yes","Activities"
3604761,132,"Yes","Accommodation"
3599401,164,"Yes","Accommodation"
3602092,228,"Yes","Transport"
3599508,147,"Yes","Transport"
3599526,151,"Yes","Accommodation"
3604778,162,"Yes","Accommodation"
3599521,153,"Yes","Activities"
3604793,150,"Yes","Accommodation"
3604812,149,"Yes","Transport"
3599508,148,"Yes","Activities"
3602124,138,"Yes","Transport"
3599406,133,"Yes","Accommodation"
3602092,227,"Yes","Accommodation"
3604810,154,"Yes","Activities"
3599526,152,"Yes","Activities"
3604812,148,"Yes","Accommodation"
3599574,153,"Yes","Accommodation"
3602092,229,"Yes","Activities"
3600055,205,"No","All"
3599626,151,"Yes","Transport"
3602351,143,"Yes","Accommodation"
3599649,159,"Yes","Transport"
3604979,150,"Yes","Accommodation"
3602240,123,"Yes","Accommodation"
3604960,143,"Yes","Accommodation"
3604775,147,"Yes","Activities"
3604943,147,"Yes","Activities"
3604961,157,"Yes","Transport"
3604993,129,"Yes","Accommodation"
3599810,171,"Yes","Accommodation"
3605113,158,"Yes","Accommodation"
3599869,231,"Yes","Accommodation"
3605095,143,"Yes","Accommodation"
3602451,153,"Yes","Accommodation"
3600371,129,"Yes","Accommodation"
3599867,182,"Yes","Accommodation"
3599869,233,"Yes","Activities"
3599985,165,"No","All"
3599935,165,"Yes","Accommodation"
3605227,170,"Yes","Accommodation"
3600455,189,"Yes","Accommodation"
3599869,232,"Yes","Transport"
3600474,106,"Yes","Accommodation"
3599685,195,"No","All"
3599935,166,"Yes","Activities"
3602465,152,"Yes","Accommodation"
3602574,127,"Yes","Transport"
3602601,143,"Yes","Accommodation"
3602660,136,"Yes","Accommodation"
3602558,149,"Yes","Accommodation"
3602492,158,"No","All"
3605611,175,"Yes","Activities"
3605611,174,"Yes","Accommodation"
3600507,129,"No","All"
3605913,182,"Yes","Activities"
3602699,143,"Yes","Accommodation"
3600142,209,"Yes","Transport"
3602726,149,"Yes","Accommodation"
3600609,156,"Yes","Accommodation"
3600142,208,"Yes","Accommodation"
3602776,133,"Yes","Accommodation"
3600237,141,"Yes","Accommodation"
3606014,116,"Yes","Accommodation"
3600689,165,"Yes","Accommodation"
3600656,119,"Yes","Accommodation"
3606032,152,"Yes","Accommodation"
3600524,135,"No","All"
3600689,167,"Yes","Activities"
3600572,134,"No","All"
3600142,210,"Yes","Activities"
3602735,145,"Yes","Transport"
3600689,166,"Yes","Transport"
3605982,183,"No","All"
3600943,152,"No","All"
3602801,170,"No","All"
3600789,181,"Yes","Activities"
3599867,183,"Yes","Activities"
3606381,213,"No","All"
3600562,141,"Yes","Activities"
3606582,131,"Yes","Activities"
3602892,143,"Yes","Accommodation"
3603028,136,"Yes","Accommodation"
3603035,133,"Yes","Accommodation"
3600789,180,"Yes","Transport"
3600460,160,"Yes","Accommodation"
3600496,179,"Yes","Accommodation"
3606697,155,"Yes","Accommodation"
3606734,140,"Yes","Accommodation"
3606649,156,"Yes","Accommodation"
3606697,156,"Yes","Transport"
3601075,161,"Yes","Accommodation"
3606716,133,"Yes","Accommodation"
3603362,127,"Yes","Accommodation"
3601157,123,"Yes","Accommodation"
3600789,179,"Yes","Accommodation"
3601075,162,"Yes","Activities"
3603201,184,"Yes","Activities"
3601014,164,"Yes","Accommodation"
3601227,133,"Yes","Accommodation"
3601240,143,"Yes","Accommodation"
3601277,153,"Yes","Accommodation"
3606433,178,"Yes","Activities"
3601190,152,"No","All"
3603528,139,"No","All"
3603394,188,"Yes","Activities"
3601341,147,"Yes","Accommodation"
3609909,184,"Yes","Accommodation"
3601410,142,"Yes","Accommodation"
3601337,135,"Yes","Accommodation"
3609959,235,"Yes","Accommodation"
3600551,121,"No","All"
3603362,128,"Yes","Activities"
3601425,142,"Yes","Accommodation"
3606734,141,"Yes","Activities"
3609856,129,"Yes","Activities"
3609890,153,"Yes","Transport"
3609924,167,"Yes","Accommodation"
3601312,144,"Yes","Accommodation"
3609925,172,"Yes","Accommodation"
3609909,185,"Yes","Activities"
3603694,129,"Yes","Activities"
3601230,135,"Yes","Activities"
3603612,143,"No","All"
3601380,162,"Yes","Accommodation"
3601459,152,"Yes","Accommodation"
3601396,153,"Yes","Accommodation"
3601346,147,"Yes","Transport"
3609959,236,"Yes","Transport"
3609975,120,"Yes","Accommodation"
3609959,237,"Yes","Activities"
3610042,163,"Yes","Accommodation"
3603903,135,"Yes","Activities"
3601430,160,"Yes","Accommodation"
3603860,146,"Yes","Accommodation"
3603955,114,"Yes","Accommodation"
3610140,207,"Yes","Activities"
3610190,178,"Yes","Activities"
3603569,152,"Yes","Activities"
3601411,159,"Yes","Activities"
3603755,142,"Yes","Accommodation"
3601398,142,"Yes","Accommodation"
3601608,140,"Yes","Activities"
3610042,164,"Yes","Activities"
3601562,146,"Yes","Accommodation"
3601676,156,"Yes","Accommodation"
3610190,177,"Yes","Transport"
3601655,131,"Yes","Accommodation"
3601662,133,"Yes","Accommodation"
3601827,159,"Yes","Accommodation"
3601762,145,"Yes","Accommodation"
3601826,149,"Yes","Accommodation"
3601666,138,"Yes","Transport"
3610424,157,"Yes","Accommodation"
3601692,160,"Yes","Transport"
3604039,131,"Yes","Accommodation"
3610310,175,"Yes","Transport"
3601860,151,"Yes","Transport"
3604080,138,"Yes","Transport"
3610310,174,"Yes","Accommodation"
3604255,148,"Yes","Accommodation"
3603880,159,"Yes","Activities"
3610310,176,"Yes","Activities"
3601611,165,"Yes","Activities"
3601859,150,"Yes","Activities"
3609976,146,"Yes","Activities"
3604262,171,"Yes","Activities"
3610492,189,"Yes","Activities"
3604328,185,"No","All"
3601696,131,"Yes","Accommodation"
3601782,150,"Yes","Accommodation"
3601789,136,"Yes","Transport"
3601791,145,"Yes","Accommodation"
3601673,134,"Yes","Transport"
3610574,142,"Yes","Accommodation"
3602127,285,"Yes","Accommodation"
3610962,201,"Yes","Transport"
3604414,143,"Yes","Transport"
3610962,200,"Yes","Accommodation"
3602163,131,"Yes","Transport"
3611443,130,"Yes","Accommodation"
3602396,123,"Yes","Accommodation"
3601848,143,"Yes","Accommodation"
3611312,152,"Yes","Transport"
3602279,155,"Yes","Accommodation"
3610959,127,"Yes","Accommodation"
3601875,155,"Yes","Accommodation"
3604462,158,"Yes","Accommodation"
3604455,159,"Yes","Activities"
3611380,137,"Yes","Activities"
3601943,148,"Yes","Activities"
3601975,139,"Yes","Activities"
3602005,142,"Yes","Accommodation"
3601889,137,"Yes","Transport"
3602397,177,"Yes","Accommodation"
3602412,131,"Yes","Accommodation"
3601991,165,"Yes","Accommodation"
3602446,153,"Yes","Accommodation"
3602394,138,"Yes","Transport"
3602066,147,"Yes","Transport"
3602412,132,"Yes","Activities"
3604473,130,"Yes","Activities"
3604378,144,"Yes","Accommodation"
3602646,142,"Yes","Activities"
3604657,140,"Yes","Activities"
3611911,120,"No","All"
3604473,129,"Yes","Accommodation"
3602080,203,"Yes","Activities"
3601907,144,"Yes","Accommodation"
3604323,161,"No","All"
3610962,202,"Yes","Activities"
3611511,162,"Yes","Transport"
3612097,145,"Yes","Accommodation"
3602080,202,"Yes","Transport"
3602164,147,"Yes","Accommodation"
3604823,134,"Yes","Accommodation"
3602039,140,"Yes","Accommodation"
3604623,164,"Yes","Accommodation"
3602066,146,"Yes","Accommodation"
3602080,201,"Yes","Accommodation"
3604662,151,"Yes","Accommodation"
3602829,136,"Yes","Activities"
3602831,145,"Yes","Activities"
3612113,123,"No","All"
3602298,145,"Yes","Activities"
3602316,164,"Yes","Accommodation"
3602298,143,"Yes","Accommodation"
3603029,149,"Yes","Accommodation"
3602298,144,"Yes","Transport"
3602332,147,"Yes","Accommodation"
3617244,171,"Yes","Activities"
3604982,154,"Yes","Activities"
3611447,189,"Yes","Accommodation"
3602039,141,"Yes","Transport"
3611979,132,"Yes","Accommodation"
3604671,152,"Yes","Transport"
3602762,137,"Yes","Accommodation"
3604782,137,"Yes","Accommodation"
3604791,161,"Yes","Accommodation"
3604807,129,"Yes","Accommodation"
3611879,148,"No","All"
3617328,273,"Yes","Activities"
3604982,153,"Yes","Transport"
3603031,252,"Yes","Accommodation"
3604989,143,"Yes","Transport"
3603063,163,"Yes","Accommodation"
3602457,123,"Yes","Accommodation"
3603114,153,"Yes","Accommodation"
3602443,189,"Yes","Transport"
3602493,138,"Yes","Transport"
3603166,155,"Yes","Accommodation"
3605098,145,"Yes","Accommodation"
3602634,147,"Yes","Accommodation"
3617614,116,"No","All"
3605114,151,"No","All"
3605089,142,"Yes","Accommodation"
3602534,152,"Yes","Accommodation"
3602443,190,"Yes","Activities"
3602775,142,"Yes","Activities"
3602948,190,"Yes","Activities"
3605214,195,"Yes","Activities"
3603248,145,"Yes","Accommodation"
3602732,203,"Yes","Accommodation"
3603214,141,"Yes","Activities"
3605209,131,"No","All"
3603281,138,"Yes","Accommodation"
3618281,148,"Yes","Accommodation"
3603348,140,"Yes","Accommodation"
3605409,172,"Yes","Accommodation"
3605418,178,"Yes","Accommodation"
3602800,154,"Yes","Accommodation"
3603449,146,"Yes","Accommodation"
3603598,156,"Yes","Accommodation"
3605734,160,"Yes","Accommodation"
3603850,136,"Yes","Accommodation"
3605734,161,"Yes","Transport"
3619215,143,"Yes","Accommodation"
3602732,204,"Yes","Activities"
3603483,141,"No","All"
3603849,138,"Yes","Activities"
3603549,145,"Yes","Activities"
3603850,138,"Yes","Activities"
3605818,168,"Yes","Activities"
3605525,191,"Yes","Activities"
3603850,137,"Yes","Transport"
3603009,125,"Yes","Activities"
3603134,143,"Yes","Transport"
3619333,113,"No","All"
3605850,153,"Yes","Activities"
3605850,152,"Yes","Accommodation"
3603248,146,"Yes","Activities"
3602977,150,"Yes","Activities"
3603134,142,"Yes","Accommodation"
3603949,130,"Yes","Activities"
3603145,150,"Yes","Activities"
3603025,151,"Yes","Transport"
3605875,194,"No","All"
3604068,158,"Yes","Accommodation"
3605877,155,"No","All"
3603134,144,"Yes","Activities"
3619348,179,"Yes","Activities"
3605882,210,"Yes","Accommodation"
3603145,149,"Yes","Transport"
3619348,177,"Yes","Accommodation"
3619348,178,"Yes","Transport"
3605866,160,"Yes","Accommodation"
3603352,146,"Yes","Accommodation"
3619367,152,"Yes","Accommodation"
3604148,130,"Yes","Accommodation"
3605907,189,"Yes","Accommodation"
3604215,138,"Yes","Accommodation"
3603479,128,"Yes","Accommodation"
3603554,157,"Yes","Accommodation"
3604382,152,"Yes","Accommodation"
3603479,129,"Yes","Activities"
3627556,130,"No","All"
3605907,191,"Yes","Activities"
3627605,148,"Yes","Activities"
3604416,146,"Yes","Transport"
3604417,163,"Yes","Accommodation"
3603877,145,"Yes","Accommodation"
3605907,190,"Yes","Transport"
3603454,146,"Yes","Accommodation"
3604335,139,"Yes","Accommodation"
3627605,147,"Yes","Accommodation"
3603802,112,"No","All"
3606159,192,"Yes","Activities"
3605882,211,"Yes","Activities"
3606275,172,"Yes","Activities"
3606418,169,"Yes","Activities"
3604703,124,"No","All"
3604583,141,"Yes","Transport"
3603554,158,"Yes","Transport"
3606511,201,"Yes","Accommodation"
3604583,140,"Yes","Accommodation"
3606418,168,"Yes","Accommodation"
3604354,144,"Yes","Accommodation"
3603595,147,"Yes","Activities"
3604800,143,"Yes","Activities"
3603595,146,"Yes","Accommodation"
3619834,139,"Yes","Activities"
3603554,159,"Yes","Activities"
3606275,171,"Yes","Accommodation"
3604469,129,"Yes","Accommodation"
3603988,146,"Yes","Transport"
3604566,170,"Yes","Accommodation"
3604395,137,"Yes","Accommodation"
3604819,145,"Yes","Accommodation"
3604445,146,"Yes","Accommodation"
3604935,145,"Yes","Accommodation"
3604985,148,"Yes","Accommodation"
3604969,151,"Yes","Activities"
3604656,131,"Yes","Activities"
3604547,147,"Yes","Activities"
3604649,137,"Yes","Activities"
3606952,157,"Yes","Activities"
3605120,165,"Yes","Activities"
3606704,138,"Yes","Accommodation"
3604986,148,"Yes","Accommodation"
3605002,177,"Yes","Accommodation"
3604629,146,"Yes","Accommodation"
3604547,146,"Yes","Accommodation"
3606888,164,"Yes","Accommodation"
3604672,162,"Yes","Accommodation"
3605102,123,"Yes","Activities"
3609910,166,"Yes","Activities"
3609910,165,"Yes","Accommodation"
3609862,164,"Yes","Transport"
3604754,143,"Yes","Accommodation"
3609905,167,"Yes","Accommodation"
3604779,153,"Yes","Accommodation"
3609862,163,"Yes","Accommodation"
3609971,175,"Yes","Activities"
3605271,150,"Yes","Activities"
3604440,144,"Yes","Transport"
3609960,143,"Yes","Accommodation"
3610028,137,"Yes","Accommodation"
3604799,140,"Yes","Accommodation"
3605271,149,"Yes","Accommodation"
3604831,134,"Yes","Accommodation"
3609971,174,"Yes","Accommodation"
3610021,145,"Yes","Accommodation"
3610128,164,"Yes","Accommodation"
3605074,145,"Yes","Accommodation"
3605106,149,"Yes","Accommodation"
3605117,153,"Yes","Accommodation"
3605354,192,"Yes","Accommodation"
3605108,143,"Yes","Accommodation"
3605333,166,"Yes","Accommodation"
3605122,148,"Yes","Transport"
3605570,194,"Yes","Accommodation"
3605570,195,"Yes","Transport"
3605540,137,"Yes","Transport"
3605687,148,"Yes","Accommodation"
3605354,193,"Yes","Activities"
3605570,196,"Yes","Activities"
3605540,138,"Yes","Activities"
3610421,166,"Yes","Activities"
3605739,189,"No","All"
3604663,154,"Yes","Activities"
3610505,205,"No","All"
3605299,192,"No","All"
3610271,152,"No","All"
3610330,176,"No","All"
3605333,167,"Yes","Transport"
3605688,158,"Yes","Transport"
3605722,126,"Yes","Accommodation"
3610421,165,"Yes","Accommodation"
3605687,149,"Yes","Transport"
3605608,162,"Yes","Accommodation"
3610557,118,"No","All"
3605774,160,"Yes","Activities"
3610598,123,"No","All"
3605792,166,"Yes","Activities"
3610546,142,"Yes","Transport"
3610539,145,"Yes","Transport"
3605774,158,"Yes","Accommodation"
3605887,151,"Yes","Accommodation"
3605749,186,"Yes","Accommodation"
3605792,164,"Yes","Accommodation"
3605774,159,"Yes","Transport"
3605983,174,"Yes","Transport"
3605801,156,"Yes","Accommodation"
3610823,140,"Yes","Accommodation"
3605792,165,"Yes","Transport"
3605983,173,"Yes","Accommodation"
3611105,139,"Yes","Accommodation"
3605924,183,"Yes","Accommodation"
3606292,204,"Yes","Accommodation"
3606374,176,"Yes","Accommodation"
3611116,132,"Yes","Accommodation"
3605688,159,"Yes","Activities"
3605956,180,"Yes","Activities"
3610971,117,"No","All"
3605910,118,"No","All"
3605967,187,"No","All"
3606292,205,"Yes","Activities"
3605687,150,"Yes","Activities"
3606192,190,"Yes","Activities"
3606372,127,"No","All"
3606511,202,"Yes","Activities"
3606662,165,"Yes","Activities"
3606440,217,"Yes","Activities"
3606440,215,"Yes","Accommodation"
3611191,155,"Yes","Accommodation"
3606440,216,"Yes","Transport"
3611255,140,"Yes","Accommodation"
3606756,144,"Yes","Accommodation"
3606701,211,"Yes","Accommodation"
3606992,161,"Yes","Accommodation"
3611314,150,"Yes","Accommodation"
3606701,212,"Yes","Transport"
3606992,162,"Yes","Transport"
3611334,140,"Yes","Accommodation"
3606794,184,"Yes","Accommodation"
3611384,140,"Yes","Accommodation"
3606701,213,"Yes","Activities"
3611748,104,"No","All"
3609814,153,"Yes","Activities"
3611557,123,"No","All"
3610031,204,"Yes","Activities"
3610085,220,"No","All"
3609814,152,"Yes","Accommodation"
3611457,156,"Yes","Accommodation"
3611132,156,"No","All"
3609914,181,"No","All"
3607021,167,"Yes","Activities"
3610082,184,"No","All"
3611307,151,"Yes","Transport"
3611532,148,"Yes","Accommodation"
3606992,163,"Yes","Activities"
3611334,141,"Yes","Activities"
3606794,185,"Yes","Activities"
3611782,135,"No","All"
3611618,112,"Yes","Accommodation"
3607021,165,"Yes","Accommodation"
3610048,160,"Yes","Accommodation"
3607021,166,"Yes","Transport"
3610048,161,"Yes","Transport"
3609879,213,"Yes","Accommodation"
3610052,160,"Yes","Accommodation"
3609927,163,"Yes","Accommodation"
3611818,200,"No","All"
3610265,198,"Yes","Accommodation"
3610317,180,"Yes","Activities"
3610318,141,"Yes","Activities"
3610334,138,"Yes","Activities"
3611891,130,"Yes","Activities"
3611934,130,"Yes","Activities"
3610265,199,"Yes","Transport"
3610045,148,"Yes","Accommodation"
3610282,174,"Yes","Transport"
3612011,147,"Yes","Transport"
3612043,121,"Yes","Accommodation"
3611852,128,"Yes","Accommodation"
3610199,139,"Yes","Accommodation"
3610282,173,"Yes","Accommodation"
3612043,122,"Yes","Transport"
3610154,130,"Yes","Accommodation"
3610265,200,"Yes","Activities"
3610369,158,"No","All"
3612109,138,"Yes","Accommodation"
3610238,204,"Yes","Activities"
3610518,163,"Yes","Activities"
3610161,159,"Yes","Accommodation"
3610518,161,"Yes","Accommodation"
3610238,203,"Yes","Transport"
3610518,162,"Yes","Transport"
3610320,184,"Yes","Accommodation"
3610320,186,"Yes","Activities"
3610379,149,"Yes","Activities"
3610154,132,"Yes","Activities"
3610406,138,"Yes","Activities"
3610154,131,"Yes","Transport"
3617382,185,"Yes","Accommodation"
3610379,148,"Yes","Accommodation"
3610413,190,"Yes","Accommodation"
3610479,142,"Yes","Accommodation"
3610650,143,"Yes","Accommodation"
3610320,185,"Yes","Transport"
3610422,194,"Yes","Accommodation"
3610488,209,"Yes","Accommodation"
3610148,230,"Yes","Activities"
3610640,142,"No","All"
3610702,151,"Yes","Transport"
3610497,174,"Yes","Accommodation"
3610750,129,"Yes","Accommodation"
3618118,145,"Yes","Accommodation"
3610488,211,"Yes","Activities"
3610803,173,"Yes","Activities"
3618002,141,"Yes","Activities"
3618127,154,"Yes","Activities"
3610765,143,"Yes","Activities"
3611104,150,"No","All"
3610488,210,"Yes","Transport"
3610902,214,"Yes","Accommodation"
3610729,147,"Yes","Accommodation"
3610702,152,"Yes","Activities"
3610750,130,"Yes","Activities"
3618118,146,"Yes","Activities"
3610902,216,"Yes","Activities"
3618300,166,"Yes","Accommodation"
3618241,139,"Yes","Transport"
3618336,162,"Yes","Accommodation"
3618336,163,"Yes","Transport"
3618343,140,"Yes","Transport"
3610906,142,"Yes","Accommodation"
3610972,151,"Yes","Accommodation"
3610613,156,"Yes","Transport"
3618368,170,"Yes","Accommodation"
3610902,215,"Yes","Transport"
3618241,138,"Yes","Accommodation"
3610765,142,"Yes","Accommodation"
3611387,141,"Yes","Accommodation"
3611533,142,"Yes","Accommodation"
3610699,155,"No","All"
3618368,171,"Yes","Activities"
3611649,133,"Yes","Accommodation"
3618645,136,"Yes","Accommodation"
3618793,175,"Yes","Transport"
3611524,161,"Yes","Accommodation"
3618993,169,"Yes","Accommodation"
3611736,201,"Yes","Transport"
3618768,182,"No","All"
3611649,134,"Yes","Transport"
3611649,135,"Yes","Activities"
3611699,134,"Yes","Accommodation"
3618793,174,"Yes","Accommodation"
3618343,141,"Yes","Activities"
3611520,147,"Yes","Activities"
3611751,140,"Yes","Transport"
3611783,149,"Yes","Transport"
3611910,153,"Yes","Accommodation"
3611953,140,"Yes","Transport"
3611506,173,"Yes","Activities"
3611985,145,"Yes","Activities"
3611783,148,"Yes","Accommodation"
3611940,145,"Yes","Accommodation"
3619197,178,"Yes","Accommodation"
3611944,138,"Yes","Accommodation"
3611985,144,"Yes","Accommodation"
3612037,137,"Yes","Accommodation"
3617184,182,"Yes","Accommodation"
3611465,121,"No","All"
3611533,143,"Yes","Activities"
3617285,140,"No","All"
3619481,155,"Yes","Activities"
3619277,231,"Yes","Accommodation"
3619536,179,"Yes","Accommodation"
3619345,194,"Yes","Transport"
3617315,218,"Yes","Accommodation"
3619595,152,"Yes","Accommodation"
3617835,166,"Yes","Transport"
3618154,127,"Yes","Accommodation"
3611839,148,"Yes","Accommodation"
3611835,136,"Yes","Accommodation"
3619345,193,"Yes","Accommodation"
3617315,219,"Yes","Transport"
3627517,157,"Yes","Accommodation"
3619277,232,"Yes","Activities"
3618144,137,"Yes","Activities"
3627603,147,"Yes","Activities"
3617190,153,"No","All"
3612101,143,"Yes","Transport"
3619481,154,"Yes","Transport"
3617835,165,"Yes","Accommodation"
3617315,220,"Yes","Activities"
3618428,307,"No","All"
3617836,181,"Yes","Activities"
3618054,136,"No","All"
3617835,167,"Yes","Activities"
3618444,154,"Yes","Activities"
3618144,135,"Yes","Accommodation"
3618590,164,"Yes","Accommodation"
3618644,156,"Yes","Activities"
3618660,127,"No","All"
3618757,168,"No","All"
3618806,173,"Yes","Activities"
3618644,155,"Yes","Transport"
3618674,161,"Yes","Transport"
3618644,154,"Yes","Accommodation"
3618806,172,"Yes","Accommodation"
3618144,136,"Yes","Transport"
3618907,150,"Yes","Accommodation"
3618824,153,"Yes","Accommodation"
3618824,154,"Yes","Activities"
3618569,160,"No","All"
3618941,172,"No","All"
3619259,132,"No","All"
3619321,172,"No","All"
3618960,167,"Yes","Activities"
3619190,216,"Yes","Activities"
3618975,154,"No","All"
3618876,208,"Yes","Accommodation"
3618960,166,"Yes","Transport"
3619330,159,"Yes","Accommodation"
3618960,165,"Yes","Accommodation"
3619491,169,"Yes","Accommodation"
3619441,197,"No","All"
3619564,172,"Yes","Activities"
3619591,144,"Yes","Accommodation"
3619564,170,"Yes","Accommodation"
3619359,191,"Yes","Activities"
3619809,170,"Yes","Accommodation"
3619580,139,"No","All"
3619603,144,"No","All"
3619809,172,"Yes","Activities"
3618901,152,"Yes","Accommodation"
3619546,148,"Yes","Activities"
3627531,182,"Yes","Activities"
3619698,175,"Yes","Activities"
3619809,171,"Yes","Transport"
3627531,181,"Yes","Accommodation"
3619564,171,"Yes","Transport"
