"SurveyResponseID","AnswerNumber","QualmarkFailedExpn"
3558519,165,"Too expensive"
3558519,166,"Poor customer service"
3579373,148,"Poor/old facilities"
3579373,149,"Poor customer service"
3558519,168,"Noisy"
3579373,152,"No air-conditioning/heating inadequate"
3579373,150,"Poor standard of cleanliness/dirty"
3579375,152,"Too expensive"
3579375,153,"Poor customer service"
3558519,164,"The Qualmark rating was too high"
3579375,151,"The Qualmark rating was too high"
3558519,167,"Poor value for money"
3579373,151,"Generally poor standard"
3579373,153,"Poor value for money"
3579425,159,"Too expensive"
3579373,154,"Noisy"
3579375,154,"No free internet"
3579375,155,"No air-conditioning/heating inadequate"
3579425,160,"Poor standard of cleanliness/dirty"
3579375,156,"Noisy"
3579425,162,"Noisy"
3579425,161,"Generally poor standard"
3579425,163,"Another reason"
3579294,163,"Another reason"
3579294,159,"Too expensive"
3579294,160,"No free internet"
3579294,161,"No air-conditioning/heating inadequate"
3579298,154,"The Qualmark rating was too high"
3579456,166,"Poor customer service"
3579456,167,"Poor standard of cleanliness/dirty"
3579294,162,"Noisy"
3579376,148,"No air-conditioning/heating inadequate"
3579456,168,"No air-conditioning/heating inadequate"
3579456,170,"Noisy"
3579298,157,"No free internet"
3579376,145,"The Qualmark rating was too high"
3579456,171,"Another reason"
3579376,144,"Poor/old facilities"
3579376,146,"Poor standard of cleanliness/dirty"
3579298,155,"Too expensive"
3579298,156,"Poor customer service"
3579458,162,"Too expensive"
3579316,151,"Poor/old facilities"
3579316,152,"Poor customer service"
3579298,160,"Noisy"
3579458,163,"No air-conditioning/heating inadequate"
3579316,153,"No free internet"
3579316,155,"No air-conditioning/heating inadequate"
3579376,147,"Generally poor standard"
3579456,169,"Poor value for money"
3579316,157,"Noisy"
3579288,139,"No free internet"
3579458,164,"Another reason"
3579473,136,"Another reason"
3579298,158,"Generally poor standard"
3579298,159,"Poor value for money"
3579316,154,"Generally poor standard"
3579316,156,"Poor value for money"
3579473,134,"Generally poor standard"
3579473,135,"Poor value for money"
3579288,140,"Generally poor standard"
3579288,141,"No air-conditioning/heating inadequate"
3579288,142,"Another reason"
3579473,132,"Poor/old facilities"
3579473,133,"Poor standard of cleanliness/dirty"
3579288,137,"Poor/old facilities"
3579288,138,"Poor customer service"
3579496,128,"Poor/old facilities"
3579311,146,"Poor/old facilities"
3579496,130,"No free internet"
3579521,164,"No free internet"
3579311,147,"The Qualmark rating was too high"
3579496,129,"Poor customer service"
3579311,148,"Poor customer service"
3579521,162,"Poor/old facilities"
3579366,129,"Poor customer service"
3579521,163,"Poor standard of cleanliness/dirty"
3579311,149,"Poor standard of cleanliness/dirty"
3579521,165,"Noisy"
3579366,131,"No free internet"
3579366,133,"Noisy"
3579311,150,"No free internet"
3579311,152,"No air-conditioning/heating inadequate"
3579416,163,"No free internet"
3579521,166,"Another reason"
3579639,116,"The Qualmark rating was too high"
3579336,169,"No air-conditioning/heating inadequate"
3579311,153,"Another reason"
3579366,130,"Poor standard of cleanliness/dirty"
3579416,161,"Poor/old facilities"
3579416,162,"Too expensive"
3579336,166,"Poor/old facilities"
3579336,167,"Poor customer service"
3579336,168,"Poor standard of cleanliness/dirty"
3579366,132,"Poor value for money"
3579311,151,"Generally poor standard"
3579416,164,"Generally poor standard"
3579336,170,"Poor value for money"
3579345,162,"No free internet"
3579345,163,"Noisy"
3579467,136,"No free internet"
3579418,164,"The Qualmark rating was too high"
3579467,138,"Another reason"
3579345,161,"Poor/old facilities"
3579467,133,"Too expensive"
3579418,163,"Poor/old facilities"
3579467,134,"Poor customer service"
3579467,135,"Poor standard of cleanliness/dirty"
3579418,165,"Poor customer service"
3579467,137,"Poor value for money"
3579418,167,"No free internet"
3579418,168,"No air-conditioning/heating inadequate"
3579418,170,"Noisy"
3579515,139,"No free internet"
3579515,140,"No air-conditioning/heating inadequate"
3579418,166,"Poor standard of cleanliness/dirty"
3579511,142,"Poor/old facilities"
3579418,169,"Poor value for money"
3579511,144,"Too expensive"
3579418,171,"Another reason"
3579511,143,"The Qualmark rating was too high"
3579511,148,"Another reason"
3579529,148,"The Qualmark rating was too high"
3579515,142,"Noisy"
3579529,151,"No free internet"
3579698,149,"No free internet"
3579698,150,"No air-conditioning/heating inadequate"
3579515,141,"Poor value for money"
3579511,146,"Generally poor standard"
3579511,147,"Poor value for money"
3579529,152,"Generally poor standard"
3579529,153,"Poor value for money"
3579515,137,"Poor/old facilities"
3579529,154,"Another reason"
3579515,138,"Poor customer service"
3579511,145,"Poor standard of cleanliness/dirty"
3579529,149,"Too expensive"
3579529,150,"Poor customer service"
3626594,169,"No free internet"
3626594,168,"Poor/old facilities"
3626779,174,"Poor/old facilities"
3626779,175,"The Qualmark rating was too high"
3559717,184,"Generally poor standard"
3559717,185,"Poor value for money"
3559717,181,"Poor/old facilities"
3559717,182,"Too expensive"
3559717,183,"Poor standard of cleanliness/dirty"
3578639,154,"Poor/old facilities"
3578639,156,"Too expensive"
3578639,157,"Poor customer service"
3578639,158,"Poor standard of cleanliness/dirty"
3578650,130,"Poor/old facilities"
3626594,170,"Noisy"
3578579,147,"Noisy"
3578650,134,"Generally poor standard"
3578639,155,"The Qualmark rating was too high"
3578739,161,"The Qualmark rating was too high"
3578650,136,"Poor value for money"
3578739,163,"Generally poor standard"
3578639,159,"No air-conditioning/heating inadequate"
3578639,160,"Noisy"
3578650,133,"No free internet"
3578650,135,"No air-conditioning/heating inadequate"
3578650,137,"Noisy"
3578727,145,"No free internet"
3578727,146,"Generally poor standard"
3578727,148,"Poor value for money"
3578739,164,"No air-conditioning/heating inadequate"
3578727,147,"No air-conditioning/heating inadequate"
3578739,165,"Another reason"
3578727,149,"Another reason"
3578635,143,"The Qualmark rating was too high"
3578734,134,"The Qualmark rating was too high"
3578745,165,"The Qualmark rating was too high"
3578650,131,"Poor customer service"
3578650,132,"Poor standard of cleanliness/dirty"
3578739,162,"Poor standard of cleanliness/dirty"
3578734,135,"Too expensive"
3578745,164,"Poor/old facilities"
3578635,144,"Poor customer service"
3578745,166,"Too expensive"
3578745,167,"Poor customer service"
3578745,168,"Poor standard of cleanliness/dirty"
3578745,169,"No air-conditioning/heating inadequate"
3578745,170,"Noisy"
3578635,146,"No air-conditioning/heating inadequate"
3578635,148,"Noisy"
3578888,161,"No free internet"
3578888,163,"No air-conditioning/heating inadequate"
3578831,169,"No air-conditioning/heating inadequate"
3578635,145,"Generally poor standard"
3578635,147,"Poor value for money"
3578888,162,"Generally poor standard"
3578888,164,"Poor value for money"
3578831,170,"Poor value for money"
3578734,136,"Poor standard of cleanliness/dirty"
3578888,160,"Poor customer service"
3578888,159,"The Qualmark rating was too high"
3578831,166,"The Qualmark rating was too high"
3578831,171,"Another reason"
3578831,167,"Too expensive"
3578831,168,"Poor standard of cleanliness/dirty"
3578642,155,"The Qualmark rating was too high"
3578642,159,"Another reason"
3578658,160,"Another reason"
3578924,134,"The Qualmark rating was too high"
3578734,137,"No free internet"
3578642,158,"Noisy"
3578658,159,"Noisy"
3578658,158,"Generally poor standard"
3578642,156,"Too expensive"
3578642,157,"Poor standard of cleanliness/dirty"
3578658,157,"Poor/old facilities"
3578924,133,"Poor/old facilities"
3578924,135,"Too expensive"
3578852,149,"Poor/old facilities"
3578924,136,"Poor standard of cleanliness/dirty"
3578924,137,"No free internet"
3578924,138,"Noisy"
3578852,153,"No air-conditioning/heating inadequate"
3578852,152,"Generally poor standard"
3578930,143,"Generally poor standard"
3578852,151,"Poor customer service"
3578930,141,"Too expensive"
3579124,150,"Poor/old facilities"
3578930,142,"Poor standard of cleanliness/dirty"
3578852,150,"The Qualmark rating was too high"
3579124,153,"No air-conditioning/heating inadequate"
3579124,154,"Poor value for money"
3578924,139,"Another reason"
3579124,155,"Another reason"
3578676,157,"The Qualmark rating was too high"
3578674,142,"Poor value for money"
3579157,145,"The Qualmark rating was too high"
3578852,154,"Poor value for money"
3578674,143,"Noisy"
3578852,155,"Noisy"
3578676,160,"No free internet"
3578676,161,"No air-conditioning/heating inadequate"
3578676,162,"Poor value for money"
3579124,151,"Too expensive"
3578674,140,"Poor customer service"
3579124,152,"Poor customer service"
3578674,141,"Poor standard of cleanliness/dirty"
3578676,158,"Too expensive"
3578676,159,"Poor customer service"
3579157,146,"Poor customer service"
3579157,147,"Poor standard of cleanliness/dirty"
3579157,148,"No air-conditioning/heating inadequate"
3578692,159,"No free internet"
3579559,151,"No air-conditioning/heating inadequate"
3578852,156,"Another reason"
3578692,160,"Another reason"
3579559,147,"The Qualmark rating was too high"
3578692,156,"Poor/old facilities"
3578692,157,"Poor customer service"
3578692,158,"Poor standard of cleanliness/dirty"
3579559,148,"Too expensive"
3579559,149,"Poor standard of cleanliness/dirty"
3579157,149,"Poor value for money"
3579559,150,"Generally poor standard"
3578895,166,"Poor/old facilities"
3578895,167,"Too expensive"
3578895,168,"Poor customer service"
3578895,169,"Poor standard of cleanliness/dirty"
3579559,152,"Noisy"
3578895,170,"No free internet"
3578895,171,"No air-conditioning/heating inadequate"
3578895,172,"Poor value for money"
3578726,162,"No free internet"
3579592,166,"No air-conditioning/heating inadequate"
3579032,140,"The Qualmark rating was too high"
3579592,164,"The Qualmark rating was too high"
3578726,164,"No air-conditioning/heating inadequate"
3578726,166,"Noisy"
3579020,155,"No air-conditioning/heating inadequate"
3579032,143,"Generally poor standard"
3579032,144,"Poor value for money"
3578726,163,"Generally poor standard"
3578726,165,"Poor value for money"
3579020,156,"Poor value for money"
3579020,157,"Another reason"
3579065,141,"The Qualmark rating was too high"
3579032,139,"Poor/old facilities"
3579032,141,"Too expensive"
3579032,142,"Poor customer service"
3579592,165,"Poor standard of cleanliness/dirty"
3579020,153,"Too expensive"
3579020,154,"Poor customer service"
3579065,143,"No free internet"
3579065,144,"No air-conditioning/heating inadequate"
3579050,168,"No free internet"
3579114,138,"No air-conditioning/heating inadequate"
3579050,169,"Another reason"
3578810,146,"The Qualmark rating was too high"
3578810,150,"Another reason"
3578810,149,"Poor value for money"
3579114,137,"Generally poor standard"
3579065,142,"Too expensive"
3579050,167,"Too expensive"
3578810,147,"Too expensive"
3578810,148,"Poor standard of cleanliness/dirty"
3579114,135,"Too expensive"
3579114,136,"Poor standard of cleanliness/dirty"
3579114,139,"Noisy"
3579154,158,"No free internet"
3579154,161,"Noisy"
3579199,156,"No air-conditioning/heating inadequate"
3579154,159,"Generally poor standard"
3579154,160,"Poor value for money"
3579199,155,"Generally poor standard"
3579154,155,"The Qualmark rating was too high"
3579154,162,"Another reason"
3578937,145,"The Qualmark rating was too high"
3579154,154,"Poor/old facilities"
3579154,156,"Too expensive"
3579154,157,"Poor customer service"
3579199,154,"Poor customer service"
3578937,144,"Poor/old facilities"
3578937,146,"Too expensive"
3579199,157,"Noisy"
3578937,149,"No air-conditioning/heating inadequate"
3579179,140,"No air-conditioning/heating inadequate"
3578960,136,"No free internet"
3579247,149,"No air-conditioning/heating inadequate"
3579179,137,"The Qualmark rating was too high"
3579247,151,"Another reason"
3578937,148,"Generally poor standard"
3578937,150,"Poor value for money"
3579179,139,"Generally poor standard"
3579179,141,"Poor value for money"
3578960,137,"Poor value for money"
3579247,148,"Generally poor standard"
3578937,147,"Poor standard of cleanliness/dirty"
3579179,138,"Too expensive"
3578960,135,"Poor/old facilities"
3579247,147,"Poor customer service"
3579249,155,"Poor/old facilities"
3579249,156,"Too expensive"
3579249,157,"Poor customer service"
3579249,158,"Poor standard of cleanliness/dirty"
3578976,137,"Poor/old facilities"
3579249,161,"Poor value for money"
3579622,139,"Generally poor standard"
3579622,140,"Poor value for money"
3579179,143,"Another reason"
3578976,140,"Another reason"
3578976,138,"Poor customer service"
3579622,135,"Too expensive"
3579622,136,"Poor customer service"
3579622,137,"Poor standard of cleanliness/dirty"
3582447,176,"Poor/old facilities"
3579247,150,"Noisy"
3579179,142,"Noisy"
3579249,159,"No free internet"
3579249,160,"No air-conditioning/heating inadequate"
3579249,162,"Noisy"
3578976,139,"Noisy"
3579622,142,"Another reason"
3579001,164,"Another reason"
3579622,138,"No free internet"
3579622,141,"Noisy"
3582447,177,"No air-conditioning/heating inadequate"
3579017,161,"The Qualmark rating was too high"
3579001,161,"Too expensive"
3579001,162,"Poor customer service"
3579001,163,"Poor standard of cleanliness/dirty"
3579017,160,"Poor/old facilities"
3579565,167,"Too expensive"
3579017,162,"Too expensive"
3579017,163,"Poor customer service"
3579017,164,"Poor standard of cleanliness/dirty"
3579565,168,"Poor customer service"
3579017,165,"No free internet"
3579017,167,"No air-conditioning/heating inadequate"
3579017,169,"Noisy"
3579565,169,"No free internet"
3583500,145,"No free internet"
3579017,166,"Generally poor standard"
3579017,168,"Poor value for money"
3579565,170,"Generally poor standard"
3579599,151,"No free internet"
3579599,149,"The Qualmark rating was too high"
3579599,154,"Noisy"
3583703,169,"No free internet"
3579599,152,"Generally poor standard"
3579599,153,"Poor value for money"
3579599,148,"Poor/old facilities"
3579599,150,"Poor standard of cleanliness/dirty"
3579617,136,"Poor/old facilities"
3579617,137,"Too expensive"
3583703,168,"Poor/old facilities"
3579617,139,"No free internet"
3579617,140,"No air-conditioning/heating inadequate"
3579617,141,"Noisy"
3580384,178,"No free internet"
3580384,179,"No air-conditioning/heating inadequate"
3579617,138,"Poor standard of cleanliness/dirty"
3580384,177,"Poor/old facilities"
3579617,142,"Another reason"
3580384,181,"Another reason"
3580384,180,"Noisy"
3580938,161,"No air-conditioning/heating inadequate"
3580938,159,"Too expensive"
3580938,160,"Poor customer service"
3580938,158,"The Qualmark rating was too high"
3580938,162,"Noisy"
3583170,159,"Noisy"
3582423,165,"No free internet"
3582423,167,"No air-conditioning/heating inadequate"
3582423,166,"Generally poor standard"
3583170,158,"Too expensive"
3582423,162,"Poor/old facilities"
3582423,163,"Too expensive"
3582423,164,"Poor standard of cleanliness/dirty"
3583170,157,"The Qualmark rating was too high"
3585211,188,"No free internet"
3585211,185,"Poor/old facilities"
3585211,186,"Too expensive"
3585211,187,"Poor customer service"
3585845,151,"No free internet"
3585845,152,"Generally poor standard"
3585845,153,"Poor value for money"
3585845,150,"Poor/old facilities"
3592627,150,"Too expensive"
3592627,151,"Poor standard of cleanliness/dirty"
3592645,148,"Poor/old facilities"
3592645,150,"Too expensive"
3592627,152,"No free internet"
3592627,154,"Noisy"
3592645,152,"No air-conditioning/heating inadequate"
3592627,149,"The Qualmark rating was too high"
3592645,149,"The Qualmark rating was too high"
3592645,151,"Poor standard of cleanliness/dirty"
3592627,153,"Poor value for money"
3592645,153,"Poor value for money"
3592742,145,"No free internet"
3592742,148,"Another reason"
3592826,132,"The Qualmark rating was too high"
3592742,143,"Poor/old facilities"
3592742,144,"Poor standard of cleanliness/dirty"
3592826,131,"Poor/old facilities"
3592826,133,"Poor customer service"
3592742,146,"Poor value for money"
3592742,147,"Noisy"
3592826,134,"No free internet"
3592827,160,"No free internet"
3592827,161,"No air-conditioning/heating inadequate"
3592827,158,"Too expensive"
3592827,159,"Poor customer service"
3592894,146,"Poor/old facilities"
3592827,162,"Another reason"
3592894,147,"The Qualmark rating was too high"
3592896,161,"No free internet"
3592894,148,"Too expensive"
3592894,149,"Poor customer service"
3592896,158,"Poor/old facilities"
3592896,159,"Too expensive"
3592896,160,"Poor standard of cleanliness/dirty"
3592474,133,"Poor/old facilities"
3592474,137,"No air-conditioning/heating inadequate"
3592474,139,"Noisy"
3592579,132,"No air-conditioning/heating inadequate"
3592894,151,"Another reason"
3592474,134,"The Qualmark rating was too high"
3592579,133,"Noisy"
3593028,153,"No free internet"
3593028,154,"No air-conditioning/heating inadequate"
3592474,135,"Too expensive"
3592579,129,"Too expensive"
3592579,130,"Poor standard of cleanliness/dirty"
3593028,151,"Poor/old facilities"
3593028,152,"Poor standard of cleanliness/dirty"
3592640,136,"Too expensive"
3593028,155,"Noisy"
3592640,138,"No free internet"
3592640,139,"No air-conditioning/heating inadequate"
3592640,137,"Poor customer service"
3592706,152,"Poor standard of cleanliness/dirty"
3592894,150,"Generally poor standard"
3592896,162,"Poor value for money"
3592474,136,"Generally poor standard"
3592474,138,"Poor value for money"
3592579,131,"Generally poor standard"
3592640,140,"Poor value for money"
3592640,141,"Noisy"
3592706,154,"No air-conditioning/heating inadequate"
3593229,177,"No free internet"
3593229,173,"The Qualmark rating was too high"
3592823,150,"The Qualmark rating was too high"
3593229,172,"Poor/old facilities"
3592706,153,"Generally poor standard"
3592706,155,"Poor value for money"
3593229,174,"Too expensive"
3593229,175,"Poor customer service"
3593229,176,"Poor standard of cleanliness/dirty"
3592823,149,"Poor/old facilities"
3592823,151,"Too expensive"
3592823,153,"No free internet"
3592758,163,"No free internet"
3592758,165,"No air-conditioning/heating inadequate"
3592758,161,"The Qualmark rating was too high"
3592982,158,"The Qualmark rating was too high"
3592823,152,"Poor standard of cleanliness/dirty"
3592758,160,"Poor/old facilities"
3592758,162,"Poor standard of cleanliness/dirty"
3592982,157,"Poor/old facilities"
3592982,159,"Too expensive"
3593000,151,"Poor/old facilities"
3592982,161,"Noisy"
3593000,154,"No free internet"
3593005,136,"No free internet"
3592823,154,"Poor value for money"
3592758,164,"Generally poor standard"
3593229,178,"Generally poor standard"
3593229,179,"Poor value for money"
3592982,160,"Generally poor standard"
3593005,137,"Poor value for money"
3593263,140,"Generally poor standard"
3592758,166,"Poor value for money"
3593005,133,"The Qualmark rating was too high"
3593263,141,"Another reason"
3593000,152,"Too expensive"
3592772,156,"The Qualmark rating was too high"
3593000,153,"Poor customer service"
3593005,132,"Poor/old facilities"
3593005,134,"Poor customer service"
3593005,135,"Poor standard of cleanliness/dirty"
3593263,139,"Poor standard of cleanliness/dirty"
3592772,157,"Too expensive"
3592772,158,"Poor customer service"
3593005,138,"Noisy"
3592772,160,"Noisy"
3592772,159,"Generally poor standard"
3592790,144,"No air-conditioning/heating inadequate"
3592772,161,"Another reason"
3592790,142,"Poor customer service"
3592790,143,"Poor standard of cleanliness/dirty"
3593462,121,"Poor/old facilities"
3592452,142,"Too expensive"
3593462,122,"Too expensive"
3592452,143,"Poor customer service"
3593462,123,"Poor customer service"
3593462,124,"Poor standard of cleanliness/dirty"
3592790,145,"Noisy"
3593462,126,"No air-conditioning/heating inadequate"
3592452,144,"Noisy"
3593082,157,"No free internet"
3593548,146,"No free internet"
3593082,159,"Another reason"
3593548,143,"The Qualmark rating was too high"
3592790,146,"Another reason"
3593082,155,"Poor/old facilities"
3593082,156,"Poor customer service"
3593548,142,"Poor/old facilities"
3593548,144,"Poor customer service"
3593548,145,"Poor standard of cleanliness/dirty"
3592822,165,"Poor/old facilities"
3593462,125,"Generally poor standard"
3593462,127,"Poor value for money"
3593082,158,"Poor value for money"
3592822,171,"Poor value for money"
3593548,147,"Noisy"
3592822,169,"No free internet"
3592822,170,"No air-conditioning/heating inadequate"
3592822,166,"Too expensive"
3592822,167,"Poor customer service"
3592822,172,"Noisy"
3593148,158,"No free internet"
3592584,151,"No air-conditioning/heating inadequate"
3592831,134,"The Qualmark rating was too high"
3593148,156,"The Qualmark rating was too high"
3593148,160,"Another reason"
3592584,148,"The Qualmark rating was too high"
3593612,136,"The Qualmark rating was too high"
3593148,159,"Poor value for money"
3592584,152,"Poor value for money"
3592822,168,"Poor standard of cleanliness/dirty"
3592831,133,"Poor/old facilities"
3592584,147,"Poor/old facilities"
3593148,157,"Poor customer service"
3592584,149,"Too expensive"
3592584,150,"Poor standard of cleanliness/dirty"
3593612,137,"Too expensive"
3593612,138,"Poor customer service"
3593612,139,"Poor standard of cleanliness/dirty"
3592584,153,"Noisy"
3593612,140,"No air-conditioning/heating inadequate"
3593612,142,"Noisy"
3592831,135,"No free internet"
3592831,137,"Noisy"
3593661,154,"No air-conditioning/heating inadequate"
3592585,154,"No free internet"
3592585,155,"No air-conditioning/heating inadequate"
3592585,150,"The Qualmark rating was too high"
3593661,152,"The Qualmark rating was too high"
3592585,156,"Noisy"
3593189,156,"Noisy"
3592831,138,"Another reason"
3593189,152,"The Qualmark rating was too high"
3592719,138,"The Qualmark rating was too high"
3593661,153,"Too expensive"
3592585,151,"Too expensive"
3592585,152,"Poor customer service"
3592585,153,"Poor standard of cleanliness/dirty"
3593189,153,"Too expensive"
3593189,154,"Poor standard of cleanliness/dirty"
3592719,140,"No free internet"
3593108,133,"No free internet"
3593108,134,"Noisy"
3592719,141,"Noisy"
3593612,141,"Poor value for money"
3592831,136,"Generally poor standard"
3593189,155,"Generally poor standard"
3593108,130,"The Qualmark rating was too high"
3593108,135,"Another reason"
3594163,142,"The Qualmark rating was too high"
3592719,139,"Poor standard of cleanliness/dirty"
3593108,129,"Poor/old facilities"
3593108,131,"Too expensive"
3593108,132,"Poor standard of cleanliness/dirty"
3594163,141,"Poor/old facilities"
3594163,143,"Poor customer service"
3594163,145,"No free internet"
3594163,147,"No air-conditioning/heating inadequate"
3594163,148,"Noisy"
3593117,143,"No free internet"
3593117,145,"No air-conditioning/heating inadequate"
3592736,144,"No air-conditioning/heating inadequate"
3594199,155,"No free internet"
3592736,145,"Another reason"
3593117,146,"Another reason"
3594163,144,"Poor standard of cleanliness/dirty"
3593117,142,"Poor customer service"
3594199,153,"Too expensive"
3594199,154,"Poor customer service"
3592737,150,"Poor/old facilities"
3592737,151,"Poor customer service"
3593126,135,"The Qualmark rating was too high"
3593791,139,"The Qualmark rating was too high"
3593224,158,"The Qualmark rating was too high"
3593126,134,"Poor/old facilities"
3593126,136,"Too expensive"
3593791,140,"Too expensive"
3593224,157,"Poor/old facilities"
3592737,152,"No free internet"
3592737,153,"Noisy"
3593959,152,"Noisy"
3593224,160,"Another reason"
3593224,159,"Poor standard of cleanliness/dirty"
3593959,150,"Too expensive"
3593959,151,"Poor standard of cleanliness/dirty"
3594163,146,"Generally poor standard"
3593281,164,"Poor/old facilities"
3593117,144,"Generally poor standard"
3594199,156,"Generally poor standard"
3593281,165,"Poor customer service"
3594465,170,"Poor/old facilities"
3594465,175,"No air-conditioning/heating inadequate"
3592835,128,"No free internet"
3594465,171,"Too expensive"
3594465,172,"Poor customer service"
3594465,173,"Poor standard of cleanliness/dirty"
3592835,126,"Poor customer service"
3593281,166,"Poor standard of cleanliness/dirty"
3592835,127,"Poor standard of cleanliness/dirty"
3594465,176,"Another reason"
3592835,125,"The Qualmark rating was too high"
3594068,152,"The Qualmark rating was too high"
3594068,153,"Too expensive"
3594068,154,"Poor standard of cleanliness/dirty"
3594199,157,"Poor value for money"
3593126,137,"Generally poor standard"
3593791,141,"Poor value for money"
3594465,174,"Generally poor standard"
3592835,129,"Generally poor standard"
3592835,130,"Poor value for money"
3594068,155,"Generally poor standard"
3593281,167,"Generally poor standard"
3593281,168,"Poor value for money"
3592835,131,"Noisy"
3594068,156,"No air-conditioning/heating inadequate"
3593306,146,"No free internet"
3593306,147,"No air-conditioning/heating inadequate"
3594393,159,"No air-conditioning/heating inadequate"
3594533,143,"No free internet"
3594393,160,"Noisy"
3594533,145,"No air-conditioning/heating inadequate"
3593281,169,"Another reason"
3593306,148,"Poor value for money"
3594393,158,"Generally poor standard"
3594533,144,"Generally poor standard"
3594533,146,"Poor value for money"
3593306,145,"Poor/old facilities"
3594533,142,"Poor/old facilities"
3594393,157,"Too expensive"
3594445,138,"Poor/old facilities"
3594445,140,"Too expensive"
3594445,141,"Poor customer service"
3594445,142,"Poor standard of cleanliness/dirty"
3593306,150,"Another reason"
3594533,148,"Another reason"
3594445,139,"The Qualmark rating was too high"
3593435,153,"Too expensive"
3594614,142,"Poor/old facilities"
3594614,144,"Poor customer service"
3594614,145,"Poor standard of cleanliness/dirty"
3592901,146,"Poor/old facilities"
3593869,155,"Poor/old facilities"
3593869,156,"Too expensive"
3593869,157,"Poor customer service"
3593869,158,"Poor standard of cleanliness/dirty"
3593435,152,"The Qualmark rating was too high"
3594614,143,"The Qualmark rating was too high"
3593435,154,"Generally poor standard"
3593435,155,"Poor value for money"
3593869,159,"Generally poor standard"
3593869,161,"Poor value for money"
3594533,147,"Noisy"
3593306,149,"Noisy"
3593869,163,"Another reason"
3593435,156,"Noisy"
3592901,147,"Noisy"
3593869,160,"No air-conditioning/heating inadequate"
3594445,144,"Another reason"
3593037,136,"The Qualmark rating was too high"
3594445,143,"Poor value for money"
3594715,166,"Poor value for money"
3593869,162,"Noisy"
3594614,146,"No free internet"
3594614,147,"Noisy"
3594715,164,"No free internet"
3594715,165,"No air-conditioning/heating inadequate"
3594715,162,"Poor customer service"
3594715,163,"Poor standard of cleanliness/dirty"
3594128,135,"Poor/old facilities"
3593037,135,"Poor/old facilities"
3594715,167,"Another reason"
3593037,137,"Too expensive"
3594570,136,"The Qualmark rating was too high"
3593037,138,"Poor customer service"
3594128,136,"Poor customer service"
3593037,140,"Generally poor standard"
3594128,137,"No air-conditioning/heating inadequate"
3593037,139,"Poor standard of cleanliness/dirty"
3594128,138,"Poor value for money"
3594570,137,"Too expensive"
3594570,138,"Poor customer service"
3594128,139,"Noisy"
3593037,141,"Noisy"
3594570,141,"Generally poor standard"
3594570,140,"No free internet"
3594570,142,"No air-conditioning/heating inadequate"
3594748,153,"The Qualmark rating was too high"
3594748,157,"Another reason"
3594748,156,"Poor value for money"
3594570,139,"Poor standard of cleanliness/dirty"
3594748,152,"Poor/old facilities"
3594748,154,"Too expensive"
3594162,163,"Poor/old facilities"
3594748,155,"Poor standard of cleanliness/dirty"
3594586,147,"Poor/old facilities"
3594586,148,"Poor customer service"
3594570,143,"Noisy"
3594586,150,"No air-conditioning/heating inadequate"
3594586,149,"Generally poor standard"
3594749,143,"Generally poor standard"
3594749,140,"Poor/old facilities"
3594749,141,"Too expensive"
3594749,142,"Poor standard of cleanliness/dirty"
3593188,155,"Poor/old facilities"
3594162,164,"Too expensive"
3593188,156,"The Qualmark rating was too high"
3595067,157,"The Qualmark rating was too high"
3595067,164,"Another reason"
3595067,160,"No free internet"
3593188,158,"Noisy"
3595067,163,"Noisy"
3594736,150,"The Qualmark rating was too high"
3595067,156,"Poor/old facilities"
3595067,158,"Too expensive"
3595067,159,"Poor customer service"
3593188,157,"Poor standard of cleanliness/dirty"
3594736,149,"Poor/old facilities"
3594736,151,"Poor customer service"
3594736,154,"No air-conditioning/heating inadequate"
3593204,149,"No free internet"
3594162,167,"No free internet"
3594736,152,"Poor standard of cleanliness/dirty"
3593204,148,"Too expensive"
3594162,165,"Poor customer service"
3594162,166,"Poor standard of cleanliness/dirty"
3595132,155,"Poor/old facilities"
3595132,156,"Poor customer service"
3595067,161,"Generally poor standard"
3595067,162,"Poor value for money"
3594736,153,"Generally poor standard"
3594736,155,"Poor value for money"
3593204,150,"Generally poor standard"
3593204,151,"Poor value for money"
3593237,157,"No air-conditioning/heating inadequate"
3595234,158,"No air-conditioning/heating inadequate"
3593204,152,"Another reason"
3593237,153,"The Qualmark rating was too high"
3593237,158,"Another reason"
3594176,159,"The Qualmark rating was too high"
3595234,160,"Noisy"
3594162,168,"No air-conditioning/heating inadequate"
3593237,154,"Too expensive"
3593237,155,"Poor customer service"
3595234,155,"Poor/old facilities"
3595234,156,"Poor customer service"
3595234,157,"Poor standard of cleanliness/dirty"
3593487,149,"Poor/old facilities"
3593487,150,"Poor customer service"
3593553,147,"Poor/old facilities"
3594176,160,"Too expensive"
3594176,161,"Poor customer service"
3594176,162,"Poor standard of cleanliness/dirty"
3594162,170,"Noisy"
3593487,151,"No free internet"
3594176,163,"No free internet"
3594176,165,"No air-conditioning/heating inadequate"
3595132,157,"Generally poor standard"
3595132,158,"Poor value for money"
3593237,156,"Generally poor standard"
3595234,159,"Poor value for money"
3594162,169,"Poor value for money"
3594176,164,"Generally poor standard"
3595366,152,"Poor/old facilities"
3595366,153,"Too expensive"
3595366,154,"Poor customer service"
3593553,149,"Too expensive"
3594176,167,"Noisy"
3595366,155,"No air-conditioning/heating inadequate"
3594176,166,"Poor value for money"
3595417,142,"No free internet"
3593553,151,"No air-conditioning/heating inadequate"
3595417,143,"No air-conditioning/heating inadequate"
3593553,150,"Poor customer service"
3595417,141,"Poor customer service"
3594303,146,"Too expensive"
3595306,145,"Poor/old facilities"
3595306,146,"Too expensive"
3595366,156,"Another reason"
3593553,148,"The Qualmark rating was too high"
3594303,145,"The Qualmark rating was too high"
3593553,154,"Another reason"
3595306,147,"Poor customer service"
3593553,153,"Noisy"
3595306,151,"Noisy"
3594303,147,"No free internet"
3594303,148,"No air-conditioning/heating inadequate"
3595306,152,"Another reason"
3594303,150,"Another reason"
3595417,145,"Another reason"
3595306,148,"Poor standard of cleanliness/dirty"
3594303,149,"Noisy"
3593586,144,"No free internet"
3593586,146,"No air-conditioning/heating inadequate"
3593586,140,"Poor/old facilities"
3593586,142,"Poor customer service"
3593586,143,"Poor standard of cleanliness/dirty"
3593553,152,"Poor value for money"
3595417,144,"Poor value for money"
3595306,149,"Generally poor standard"
3595306,150,"Poor value for money"
3593586,145,"Generally poor standard"
3593586,147,"Poor value for money"
3593586,141,"The Qualmark rating was too high"
3595450,153,"The Qualmark rating was too high"
3594346,174,"The Qualmark rating was too high"
3594346,178,"Another reason"
3595445,149,"The Qualmark rating was too high"
3594346,176,"No air-conditioning/heating inadequate"
3595445,154,"No air-conditioning/heating inadequate"
3594346,175,"Poor customer service"
3595445,150,"Too expensive"
3595445,151,"Poor customer service"
3595445,152,"Poor standard of cleanliness/dirty"
3593638,141,"Poor/old facilities"
3593638,142,"Too expensive"
3593638,144,"No free internet"
3593638,146,"No air-conditioning/heating inadequate"
3593638,149,"Another reason"
3594462,145,"The Qualmark rating was too high"
3594346,177,"Poor value for money"
3595445,153,"Generally poor standard"
3595445,155,"Poor value for money"
3593638,145,"Generally poor standard"
3593638,147,"Poor value for money"
3594462,148,"Poor value for money"
3595450,158,"Poor value for money"
3594471,149,"Generally poor standard"
3594471,151,"Poor value for money"
3595450,159,"Another reason"
3594471,147,"The Qualmark rating was too high"
3593638,148,"Noisy"
3594462,147,"No free internet"
3595450,156,"No free internet"
3595450,157,"No air-conditioning/heating inadequate"
3594471,150,"No air-conditioning/heating inadequate"
3593638,143,"Poor customer service"
3594462,144,"Poor/old facilities"
3594462,146,"Poor customer service"
3595450,154,"Poor customer service"
3595450,155,"Poor standard of cleanliness/dirty"
3594471,148,"Too expensive"
3595463,158,"Poor/old facilities"
3594512,179,"The Qualmark rating was too high"
3595463,159,"The Qualmark rating was too high"
3594471,152,"Noisy"
3594512,181,"No air-conditioning/heating inadequate"
3594512,182,"Noisy"
3595634,148,"No free internet"
3595634,149,"No air-conditioning/heating inadequate"
3595634,150,"Poor value for money"
3594512,178,"Poor/old facilities"
3594512,180,"Poor standard of cleanliness/dirty"
3595463,160,"Too expensive"
3595463,161,"Poor customer service"
3595463,162,"Poor standard of cleanliness/dirty"
3595634,147,"Poor customer service"
3595463,163,"Generally poor standard"
3594562,145,"Poor value for money"
3594562,142,"The Qualmark rating was too high"
3594562,146,"Another reason"
3594562,141,"Poor/old facilities"
3594562,143,"Too expensive"
3594562,144,"Poor standard of cleanliness/dirty"
3594587,143,"Poor/old facilities"
3594587,144,"Too expensive"
3593671,154,"Poor customer service"
3593671,156,"No air-conditioning/heating inadequate"
3594587,146,"No air-conditioning/heating inadequate"
3595497,148,"No free internet"
3596439,174,"No air-conditioning/heating inadequate"
3596439,173,"Generally poor standard"
3593671,157,"Another reason"
3594587,147,"Another reason"
3595497,146,"The Qualmark rating was too high"
3596439,175,"Another reason"
3595044,154,"The Qualmark rating was too high"
3595499,135,"No free internet"
3595499,137,"No air-conditioning/heating inadequate"
3595499,136,"Generally poor standard"
3593671,155,"Poor standard of cleanliness/dirty"
3594587,145,"Poor customer service"
3595497,147,"Poor standard of cleanliness/dirty"
3596439,172,"Poor standard of cleanliness/dirty"
3595499,134,"Poor customer service"
3595044,155,"Too expensive"
3595044,156,"Poor customer service"
3595044,157,"Poor standard of cleanliness/dirty"
3596470,134,"Poor/old facilities"
3595499,138,"Noisy"
3596470,137,"No free internet"
3596470,135,"The Qualmark rating was too high"
3596470,140,"Another reason"
3596637,143,"Another reason"
3596470,138,"Generally poor standard"
3596470,139,"Poor value for money"
3595044,159,"Generally poor standard"
3595044,161,"Poor value for money"
3593788,166,"Generally poor standard"
3593788,168,"Another reason"
3595069,144,"The Qualmark rating was too high"
3593854,181,"Poor value for money"
3595044,158,"No free internet"
3595044,160,"No air-conditioning/heating inadequate"
3595044,162,"Noisy"
3593788,167,"No air-conditioning/heating inadequate"
3595069,145,"No air-conditioning/heating inadequate"
3593854,180,"No air-conditioning/heating inadequate"
3596470,136,"Too expensive"
3593788,165,"Poor customer service"
3593854,177,"Poor/old facilities"
3593854,178,"Too expensive"
3593854,179,"Poor customer service"
3595640,155,"Poor/old facilities"
3595178,158,"No free internet"
3595178,159,"No air-conditioning/heating inadequate"
3595178,160,"Poor value for money"
3595178,161,"Noisy"
3593924,144,"No air-conditioning/heating inadequate"
3593924,145,"Noisy"
3595640,159,"No free internet"
3593924,143,"Generally poor standard"
3595178,162,"Another reason"
3593924,142,"The Qualmark rating was too high"
3593924,146,"Another reason"
3595640,161,"Another reason"
3595640,156,"Too expensive"
3595178,156,"Too expensive"
3595178,157,"Poor standard of cleanliness/dirty"
3593924,141,"Poor/old facilities"
3595640,157,"Poor customer service"
3595640,158,"Poor standard of cleanliness/dirty"
3595640,160,"Noisy"
3593937,145,"No free internet"
3593937,146,"No air-conditioning/heating inadequate"
3593937,147,"Noisy"
3594004,130,"No air-conditioning/heating inadequate"
3595212,154,"The Qualmark rating was too high"
3593937,142,"Too expensive"
3593937,143,"Poor customer service"
3593937,144,"Poor standard of cleanliness/dirty"
3594004,127,"Poor/old facilities"
3594004,128,"Poor standard of cleanliness/dirty"
3595212,153,"Poor/old facilities"
3595212,157,"No free internet"
3595212,159,"No air-conditioning/heating inadequate"
3594004,129,"Generally poor standard"
3594004,131,"Poor value for money"
3595212,158,"Generally poor standard"
3595212,160,"Poor value for money"
3595212,161,"Noisy"
3594188,140,"No air-conditioning/heating inadequate"
3594188,142,"Another reason"
3594308,145,"The Qualmark rating was too high"
3595212,155,"Too expensive"
3595212,156,"Poor standard of cleanliness/dirty"
3594188,137,"Too expensive"
3594188,138,"Poor standard of cleanliness/dirty"
3594221,141,"Poor standard of cleanliness/dirty"
3594308,144,"Poor/old facilities"
3594188,139,"Generally poor standard"
3594188,141,"Poor value for money"
3594221,142,"Generally poor standard"
3594221,143,"Poor value for money"
3595262,156,"Poor value for money"
3594308,147,"Poor value for money"
3595262,155,"No free internet"
3594308,146,"No free internet"
3595273,151,"No free internet"
3595262,152,"The Qualmark rating was too high"
3595262,157,"Another reason"
3595273,156,"Another reason"
3595273,153,"No air-conditioning/heating inadequate"
3595278,130,"The Qualmark rating was too high"
3595262,151,"Poor/old facilities"
3595262,153,"Poor customer service"
3595262,154,"Poor standard of cleanliness/dirty"
3595273,148,"Too expensive"
3595273,149,"Poor customer service"
3595273,150,"Poor standard of cleanliness/dirty"
3595273,152,"Generally poor standard"
3595273,154,"Poor value for money"
3595273,155,"Noisy"
3595278,133,"No free internet"
3595278,134,"No air-conditioning/heating inadequate"
3595278,135,"Noisy"
3594308,148,"Noisy"
3594308,149,"Another reason"
3594324,164,"The Qualmark rating was too high"
3595278,131,"Poor customer service"
3595278,132,"Poor standard of cleanliness/dirty"
3594324,163,"Poor/old facilities"
3594324,166,"No free internet"
3594324,167,"No air-conditioning/heating inadequate"
3594324,168,"Another reason"
3595328,153,"The Qualmark rating was too high"
3599010,141,"Another reason"
3594455,154,"No free internet"
3594455,155,"Another reason"
3594492,165,"The Qualmark rating was too high"
3594324,165,"Too expensive"
3595328,154,"Poor customer service"
3599010,139,"Poor customer service"
3599010,140,"Poor standard of cleanliness/dirty"
3594455,152,"Poor customer service"
3594455,153,"Poor standard of cleanliness/dirty"
3594574,130,"No free internet"
3594492,169,"Another reason"
3599196,158,"The Qualmark rating was too high"
3594492,166,"Too expensive"
3595328,155,"Generally poor standard"
3594492,168,"Generally poor standard"
3594574,131,"Generally poor standard"
3594492,167,"Poor customer service"
3594574,127,"Poor/old facilities"
3594574,128,"Too expensive"
3594574,129,"Poor standard of cleanliness/dirty"
3594574,132,"Noisy"
3599196,161,"No free internet"
3594606,136,"No free internet"
3599196,163,"Another reason"
3594606,135,"The Qualmark rating was too high"
3599196,157,"Poor/old facilities"
3599196,159,"Too expensive"
3599196,160,"Poor customer service"
3594606,139,"Noisy"
3599261,157,"No air-conditioning/heating inadequate"
3595421,162,"No free internet"
3599261,156,"Poor standard of cleanliness/dirty"
3595421,159,"Poor/old facilities"
3595421,160,"Poor customer service"
3595421,161,"Poor standard of cleanliness/dirty"
3599261,155,"The Qualmark rating was too high"
3599261,158,"Another reason"
3599295,150,"No free internet"
3599295,151,"No air-conditioning/heating inadequate"
3599295,146,"The Qualmark rating was too high"
3599295,152,"Another reason"
3594724,142,"No air-conditioning/heating inadequate"
3599295,145,"Poor/old facilities"
3599295,147,"Too expensive"
3599295,148,"Poor customer service"
3599295,149,"Poor standard of cleanliness/dirty"
3594724,140,"Poor/old facilities"
3594724,141,"Poor customer service"
3594742,137,"The Qualmark rating was too high"
3599196,162,"Generally poor standard"
3594606,137,"Generally poor standard"
3594606,138,"Poor value for money"
3594742,142,"Another reason"
3599513,146,"The Qualmark rating was too high"
3595421,164,"Noisy"
3599513,149,"No air-conditioning/heating inadequate"
3594742,141,"Poor value for money"
3595421,163,"Generally poor standard"
3594742,138,"Too expensive"
3594742,139,"Poor customer service"
3594742,140,"Poor standard of cleanliness/dirty"
3599513,145,"Poor/old facilities"
3599513,147,"Too expensive"
3599513,148,"Poor customer service"
3595632,163,"No air-conditioning/heating inadequate"
3595632,165,"Noisy"
3595639,151,"No free internet"
3595639,152,"Noisy"
3595641,163,"No free internet"
3595641,165,"No air-conditioning/heating inadequate"
3594874,146,"Another reason"
3595639,149,"The Qualmark rating was too high"
3595639,153,"Another reason"
3594874,145,"Poor value for money"
3595632,164,"Poor value for money"
3595641,164,"Generally poor standard"
3595641,166,"Poor value for money"
3594874,143,"Poor customer service"
3594874,144,"Poor standard of cleanliness/dirty"
3595632,162,"Poor standard of cleanliness/dirty"
3595639,148,"Poor/old facilities"
3595639,150,"Too expensive"
3595641,162,"Poor/old facilities"
3595059,151,"Another reason"
3595059,150,"Generally poor standard"
3595059,147,"Poor/old facilities"
3595059,148,"Too expensive"
3595059,149,"Poor standard of cleanliness/dirty"
3595092,139,"Poor/old facilities"
3595092,140,"Too expensive"
3595092,141,"Poor standard of cleanliness/dirty"
3599039,156,"Noisy"
3595932,169,"No free internet"
3595092,142,"No free internet"
3595092,144,"No air-conditioning/heating inadequate"
3599039,154,"Generally poor standard"
3599039,155,"Poor value for money"
3595932,170,"Generally poor standard"
3595092,143,"Generally poor standard"
3595092,145,"Poor value for money"
3599039,152,"The Qualmark rating was too high"
3595092,146,"Another reason"
3595932,167,"Too expensive"
3599039,153,"Too expensive"
3595932,168,"Poor standard of cleanliness/dirty"
3599114,145,"The Qualmark rating was too high"
3599114,149,"Another reason"
3599114,147,"No free internet"
3599114,148,"Noisy"
3595226,149,"No free internet"
3595226,147,"The Qualmark rating was too high"
3595932,171,"Poor value for money"
3599175,144,"Poor value for money"
3595226,150,"Generally poor standard"
3595226,152,"Poor value for money"
3595226,151,"No air-conditioning/heating inadequate"
3599114,146,"Too expensive"
3599175,140,"Poor/old facilities"
3599175,141,"Too expensive"
3599175,142,"Poor customer service"
3599175,143,"Poor standard of cleanliness/dirty"
3595226,148,"Too expensive"
3595259,156,"Poor/old facilities"
3595259,158,"Poor standard of cleanliness/dirty"
3595259,159,"No free internet"
3595259,161,"No air-conditioning/heating inadequate"
3596418,149,"No free internet"
3596418,148,"Poor standard of cleanliness/dirty"
3599214,163,"Poor/old facilities"
3599214,164,"Poor standard of cleanliness/dirty"
3601518,152,"Poor customer service"
3595259,157,"The Qualmark rating was too high"
3599214,168,"Another reason"
3595259,160,"Generally poor standard"
3595259,162,"Poor value for money"
3599214,166,"Poor value for money"
3601518,153,"Generally poor standard"
3601518,155,"Poor value for money"
3599214,165,"No free internet"
3599214,167,"Noisy"
3601518,154,"No air-conditioning/heating inadequate"
3601518,156,"Noisy"
3595259,163,"Noisy"
3595324,139,"Poor/old facilities"
3595324,141,"No air-conditioning/heating inadequate"
3595324,140,"Too expensive"
3599307,149,"Too expensive"
3599307,150,"Poor customer service"
3599307,151,"No free internet"
3599307,152,"No air-conditioning/heating inadequate"
3595324,142,"Another reason"
3599307,155,"Another reason"
3596418,150,"Poor value for money"
3599307,153,"Poor value for money"
3599307,154,"Noisy"
3599316,150,"No free internet"
3599316,149,"Too expensive"
3599364,151,"Poor standard of cleanliness/dirty"
3599316,153,"Noisy"
3599364,153,"No air-conditioning/heating inadequate"
3599316,151,"Generally poor standard"
3599316,152,"Poor value for money"
3599364,152,"Generally poor standard"
3599364,154,"Poor value for money"
3601617,148,"Poor customer service"
3595692,128,"Not sure"
3599316,148,"The Qualmark rating was too high"
3599364,156,"Another reason"
3601618,149,"Poor customer service"
3599364,155,"Noisy"
3601617,149,"No free internet"
3599382,162,"Too expensive"
3596061,153,"No air-conditioning/heating inadequate"
3599382,164,"No free internet"
3601617,151,"Another reason"
3601618,151,"Another reason"
3599382,161,"The Qualmark rating was too high"
3601617,150,"Poor value for money"
3601618,150,"Poor value for money"
3599382,165,"Poor value for money"
3599382,163,"Poor customer service"
3601720,138,"Poor standard of cleanliness/dirty"
3599382,166,"Noisy"
3601720,139,"No free internet"
3601720,140,"Noisy"
3596446,155,"No free internet"
3596446,156,"No air-conditioning/heating inadequate"
3596446,157,"Noisy"
3599393,159,"Noisy"
3601720,141,"Another reason"
3596446,153,"The Qualmark rating was too high"
3599393,157,"Generally poor standard"
3599393,158,"Poor value for money"
3596446,154,"Poor customer service"
3599393,155,"Poor/old facilities"
3599393,156,"Too expensive"
3601770,154,"No free internet"
3601770,156,"No air-conditioning/heating inadequate"
3601770,158,"Noisy"
3601884,167,"No free internet"
3601884,169,"No air-conditioning/heating inadequate"
3601770,155,"Generally poor standard"
3601770,157,"Poor value for money"
3601884,168,"Generally poor standard"
3601770,153,"Poor customer service"
3599400,156,"Poor/old facilities"
3599400,158,"Too expensive"
3599400,157,"The Qualmark rating was too high"
3597029,138,"Not sure"
3601884,170,"Another reason"
3601884,164,"Too expensive"
3601884,165,"Poor customer service"
3601884,166,"Poor standard of cleanliness/dirty"
3599400,159,"Poor customer service"
3599400,160,"Poor standard of cleanliness/dirty"
3599400,161,"Generally poor standard"
3599434,147,"Generally poor standard"
3599400,162,"Noisy"
3601987,148,"Noisy"
3599434,148,"No air-conditioning/heating inadequate"
3601987,146,"Generally poor standard"
3601987,147,"Poor value for money"
3599434,144,"Poor/old facilities"
3599434,145,"Poor customer service"
3599434,146,"Poor standard of cleanliness/dirty"
3599400,163,"Another reason"
3601987,144,"Poor/old facilities"
3601987,145,"The Qualmark rating was too high"
3599434,150,"Another reason"
3599448,156,"Another reason"
3599031,145,"Generally poor standard"
3599031,142,"Poor/old facilities"
3599031,143,"Too expensive"
3599031,144,"Poor customer service"
3599448,150,"Poor/old facilities"
3599448,151,"Poor customer service"
3602120,141,"Poor/old facilities"
3602120,143,"Too expensive"
3599092,160,"Poor customer service"
3599031,147,"Poor value for money"
3599434,149,"Poor value for money"
3599448,153,"Generally poor standard"
3599448,155,"Poor value for money"
3602120,142,"The Qualmark rating was too high"
3599092,159,"The Qualmark rating was too high"
3599117,146,"The Qualmark rating was too high"
3599117,151,"Another reason"
3599165,141,"The Qualmark rating was too high"
3602120,145,"Generally poor standard"
3599092,161,"Poor value for money"
3602120,146,"Poor value for money"
3599117,150,"Poor value for money"
3599031,146,"No air-conditioning/heating inadequate"
3599448,152,"No free internet"
3599448,154,"No air-conditioning/heating inadequate"
3602120,144,"No free internet"
3599117,149,"No free internet"
3602120,148,"Another reason"
3602120,147,"Noisy"
3599165,142,"No air-conditioning/heating inadequate"
3599117,145,"Poor/old facilities"
3599165,143,"Poor value for money"
3599117,147,"Too expensive"
3599117,148,"Poor standard of cleanliness/dirty"
3599165,140,"Poor/old facilities"
3599657,149,"Poor/old facilities"
3599657,150,"Poor customer service"
3599657,151,"Poor standard of cleanliness/dirty"
3599192,150,"Poor/old facilities"
3599165,144,"Noisy"
3599192,157,"Noisy"
3599192,152,"Too expensive"
3599657,152,"No free internet"
3599192,153,"Poor customer service"
3599192,154,"Poor standard of cleanliness/dirty"
3599192,155,"Generally poor standard"
3599192,151,"The Qualmark rating was too high"
3599192,158,"Another reason"
3599657,156,"Another reason"
3599276,165,"Another reason"
3599326,141,"The Qualmark rating was too high"
3602472,141,"Too expensive"
3602472,142,"Poor customer service"
3602472,143,"Poor standard of cleanliness/dirty"
3599276,160,"Poor/old facilities"
3599276,161,"Poor customer service"
3599276,162,"Poor standard of cleanliness/dirty"
3599192,156,"Poor value for money"
3602472,144,"Generally poor standard"
3599657,153,"Generally poor standard"
3602472,145,"Noisy"
3599657,155,"Noisy"
3599276,163,"No free internet"
3599326,144,"No free internet"
3599326,142,"Too expensive"
3599326,146,"No air-conditioning/heating inadequate"
3599326,143,"Poor standard of cleanliness/dirty"
3599151,162,"Too expensive"
3599151,163,"Poor standard of cleanliness/dirty"
3599171,170,"The Qualmark rating was too high"
3599326,148,"Noisy"
3599151,166,"Noisy"
3599171,171,"Too expensive"
3599171,172,"Poor standard of cleanliness/dirty"
3599657,154,"Poor value for money"
3599276,164,"Poor value for money"
3599326,145,"Generally poor standard"
3599326,147,"Poor value for money"
3599151,164,"Generally poor standard"
3599151,165,"Poor value for money"
3599171,174,"No air-conditioning/heating inadequate"
3602971,163,"No free internet"
3602971,161,"The Qualmark rating was too high"
3599490,137,"Poor/old facilities"
3599490,138,"Too expensive"
3602971,162,"Poor standard of cleanliness/dirty"
3602971,166,"Noisy"
3599490,141,"No free internet"
3599490,142,"No air-conditioning/heating inadequate"
3603004,161,"Noisy"
3599271,150,"No free internet"
3599490,139,"Poor customer service"
3599490,140,"Poor standard of cleanliness/dirty"
3603004,157,"Too expensive"
3603004,158,"Poor customer service"
3603004,159,"Poor standard of cleanliness/dirty"
3599271,149,"Poor customer service"
3599171,173,"Generally poor standard"
3599171,175,"Poor value for money"
3599271,152,"No air-conditioning/heating inadequate"
3599271,154,"Noisy"
3599794,140,"No free internet"
3603039,154,"No free internet"
3599794,139,"Poor standard of cleanliness/dirty"
3603039,153,"Too expensive"
3602971,164,"Generally poor standard"
3602971,165,"Poor value for money"
3599490,143,"Poor value for money"
3603004,160,"Generally poor standard"
3599271,151,"Generally poor standard"
3600872,127,"Too expensive"
3599490,144,"Another reason"
3603004,156,"The Qualmark rating was too high"
3599271,153,"Poor value for money"
3599271,155,"Another reason"
3599604,161,"The Qualmark rating was too high"
3603039,155,"Generally poor standard"
3600872,126,"The Qualmark rating was too high"
3603039,159,"Another reason"
3599604,162,"Generally poor standard"
3603039,157,"Poor value for money"
3600872,129,"Generally poor standard"
3603039,156,"No air-conditioning/heating inadequate"
3600872,128,"No free internet"
3601195,139,"The Qualmark rating was too high"
3603039,158,"Noisy"
3601195,142,"No air-conditioning/heating inadequate"
3601195,143,"Poor value for money"
3599867,189,"Generally poor standard"
3601195,138,"Poor/old facilities"
3601195,140,"Too expensive"
3599867,188,"Too expensive"
3601195,141,"Poor customer service"
3603172,139,"Too expensive"
3603172,140,"Poor customer service"
3603172,141,"Poor standard of cleanliness/dirty"
3603172,142,"Generally poor standard"
3601254,144,"Poor value for money"
3601195,144,"Noisy"
3601254,145,"Noisy"
3600272,203,"No free internet"
3603241,152,"No free internet"
3601254,141,"Poor/old facilities"
3601254,143,"Too expensive"
3600272,202,"Poor standard of cleanliness/dirty"
3601254,142,"The Qualmark rating was too high"
3603241,151,"Poor standard of cleanliness/dirty"
3600272,201,"The Qualmark rating was too high"
3601270,139,"Poor/old facilities"
3603241,150,"The Qualmark rating was too high"
3603241,153,"Generally poor standard"
3601270,140,"Too expensive"
3601270,141,"Poor customer service"
3603241,155,"Another reason"
3603241,154,"Noisy"
3601270,143,"No free internet"
3601270,145,"No air-conditioning/heating inadequate"
3601270,146,"Noisy"
3603288,146,"No free internet"
3601270,144,"Generally poor standard"
3603288,147,"Poor value for money"
3601290,143,"Poor value for money"
3603288,148,"Another reason"
3601270,142,"Poor standard of cleanliness/dirty"
3603288,144,"Poor/old facilities"
3603288,145,"Poor standard of cleanliness/dirty"
3601290,140,"Poor/old facilities"
3601290,141,"Poor customer service"
3601290,142,"Poor standard of cleanliness/dirty"
3601278,169,"Poor/old facilities"
3601278,170,"The Qualmark rating was too high"
3601340,165,"The Qualmark rating was too high"
3603722,136,"The Qualmark rating was too high"
3601340,168,"Another reason"
3601278,173,"No free internet"
3601340,167,"No air-conditioning/heating inadequate"
3603722,139,"No free internet"
3603722,141,"No air-conditioning/heating inadequate"
3603722,143,"Another reason"
3601278,171,"Too expensive"
3601278,172,"Poor customer service"
3601340,164,"Poor/old facilities"
3601340,166,"Poor standard of cleanliness/dirty"
3603722,137,"Poor customer service"
3603722,138,"Poor standard of cleanliness/dirty"
3601194,138,"Poor/old facilities"
3601194,140,"No air-conditioning/heating inadequate"
3601194,142,"Noisy"
3603973,148,"No air-conditioning/heating inadequate"
3601278,174,"Poor value for money"
3603722,140,"Generally poor standard"
3603722,142,"Poor value for money"
3601194,141,"Poor value for money"
3603973,147,"Generally poor standard"
3601194,139,"The Qualmark rating was too high"
3601194,143,"Another reason"
3601312,150,"The Qualmark rating was too high"
3601227,138,"Generally poor standard"
3603973,145,"The Qualmark rating was too high"
3603973,150,"Another reason"
3603973,149,"Poor value for money"
3601312,154,"Generally poor standard"
3601312,156,"Poor value for money"
3601227,139,"No air-conditioning/heating inadequate"
3601227,140,"Noisy"
3601312,153,"No free internet"
3601312,155,"No air-conditioning/heating inadequate"
3601312,149,"Poor/old facilities"
3601312,151,"Too expensive"
3603973,146,"Poor standard of cleanliness/dirty"
3601312,152,"Poor standard of cleanliness/dirty"
3601565,151,"Poor/old facilities"
3601244,152,"Poor/old facilities"
3601244,153,"Poor standard of cleanliness/dirty"
3601244,155,"Another reason"
3601565,152,"The Qualmark rating was too high"
3601258,163,"The Qualmark rating was too high"
3601565,156,"Another reason"
3604042,149,"The Qualmark rating was too high"
3601244,154,"No free internet"
3601312,157,"Noisy"
3601565,154,"No free internet"
3601565,155,"Noisy"
3604042,152,"No free internet"
3604042,155,"Another reason"
3604042,153,"No air-conditioning/heating inadequate"
3601565,153,"Too expensive"
3601348,153,"Too expensive"
3604042,148,"Poor/old facilities"
3604042,150,"Too expensive"
3604042,151,"Poor standard of cleanliness/dirty"
3601348,154,"Poor customer service"
3601348,155,"Poor standard of cleanliness/dirty"
3604042,154,"Noisy"
3601348,156,"No free internet"
3601348,159,"Noisy"
3601258,166,"No free internet"
3601258,167,"No air-conditioning/heating inadequate"
3604209,139,"No free internet"
3604209,142,"Noisy"
3601588,147,"No free internet"
3601258,164,"Poor customer service"
3601258,165,"Poor standard of cleanliness/dirty"
3601371,147,"Poor/old facilities"
3604209,138,"Poor customer service"
3601588,145,"Poor/old facilities"
3601588,146,"Poor customer service"
3601371,148,"Too expensive"
3601348,157,"Generally poor standard"
3601371,149,"Poor standard of cleanliness/dirty"
3601259,149,"Poor customer service"
3601348,158,"Poor value for money"
3604209,140,"Generally poor standard"
3604209,141,"Poor value for money"
3601371,150,"Generally poor standard"
3601259,150,"Generally poor standard"
3601259,151,"Poor value for money"
3601371,151,"Noisy"
3604244,149,"No free internet"
3601396,159,"No free internet"
3601342,129,"No air-conditioning/heating inadequate"
3604244,146,"Poor/old facilities"
3604209,143,"Another reason"
3601588,148,"Another reason"
3601259,148,"The Qualmark rating was too high"
3601259,152,"Another reason"
3601615,148,"Poor/old facilities"
3601396,158,"Too expensive"
3604244,147,"Poor customer service"
3604244,148,"Poor standard of cleanliness/dirty"
3601342,128,"Poor customer service"
3601342,130,"Poor value for money"
3601615,151,"Poor value for money"
3601396,160,"Generally poor standard"
3604244,150,"Generally poor standard"
3601615,150,"No air-conditioning/heating inadequate"
3601615,152,"Noisy"
3601396,161,"No air-conditioning/heating inadequate"
3601396,162,"Noisy"
3604244,151,"Noisy"
3601427,163,"No free internet"
3604244,152,"Another reason"
3601427,160,"The Qualmark rating was too high"
3601788,168,"The Qualmark rating was too high"
3601615,149,"Poor customer service"
3601427,159,"Poor/old facilities"
3601427,161,"Poor customer service"
3601427,162,"Poor standard of cleanliness/dirty"
3601788,167,"Poor/old facilities"
3601788,169,"Too expensive"
3601788,170,"Poor standard of cleanliness/dirty"
3601427,165,"Noisy"
3601788,172,"No air-conditioning/heating inadequate"
3601666,143,"Poor/old facilities"
3601788,175,"Another reason"
3601666,144,"Too expensive"
3601666,145,"Poor customer service"
3601508,152,"Poor customer service"
3604376,146,"Poor customer service"
3601788,174,"Noisy"
3604376,148,"No free internet"
3601508,154,"No free internet"
3604376,150,"No air-conditioning/heating inadequate"
3601508,156,"No air-conditioning/heating inadequate"
3604376,147,"Poor standard of cleanliness/dirty"
3601508,153,"Poor standard of cleanliness/dirty"
3601427,164,"Poor value for money"
3601788,171,"Generally poor standard"
3601788,173,"Poor value for money"
3604376,149,"Generally poor standard"
3601508,155,"Generally poor standard"
3601666,146,"Generally poor standard"
3601508,158,"Noisy"
3601666,147,"No air-conditioning/heating inadequate"
3601666,149,"Noisy"
3601611,173,"No free internet"
3601611,175,"No air-conditioning/heating inadequate"
3601666,150,"Another reason"
3604376,152,"Another reason"
3604443,135,"The Qualmark rating was too high"
3601611,170,"The Qualmark rating was too high"
3601611,176,"Another reason"
3601782,155,"The Qualmark rating was too high"
3604443,134,"Poor/old facilities"
3604443,136,"Too expensive"
3601611,171,"Poor customer service"
3601611,172,"Poor standard of cleanliness/dirty"
3601782,156,"Too expensive"
3601782,157,"Poor customer service"
3601782,158,"Poor standard of cleanliness/dirty"
3601789,141,"Poor/old facilities"
3601789,142,"Too expensive"
3601789,143,"Poor customer service"
3601782,159,"No free internet"
3601789,144,"No free internet"
3601789,146,"No air-conditioning/heating inadequate"
3601626,150,"Poor standard of cleanliness/dirty"
3601789,147,"Noisy"
3601626,151,"No free internet"
3601508,157,"Poor value for money"
3601666,148,"Poor value for money"
3604376,151,"Poor value for money"
3604443,137,"Poor value for money"
3601611,174,"Generally poor standard"
3601789,145,"Generally poor standard"
3604475,171,"Too expensive"
3601626,155,"Another reason"
3601789,148,"Another reason"
3601626,152,"No air-conditioning/heating inadequate"
3601626,154,"Noisy"
3604475,173,"No free internet"
3604475,175,"No air-conditioning/heating inadequate"
3604541,123,"No free internet"
3601626,153,"Poor value for money"
3604475,174,"Generally poor standard"
3604475,176,"Poor value for money"
3604475,172,"Poor customer service"
3604541,120,"Poor/old facilities"
3604541,121,"Poor customer service"
3604541,122,"Poor standard of cleanliness/dirty"
3602308,147,"Poor/old facilities"
3601839,130,"Poor/old facilities"
3602308,148,"Poor standard of cleanliness/dirty"
3602308,149,"No air-conditioning/heating inadequate"
3601627,153,"Generally poor standard"
3602308,151,"Another reason"
3601889,142,"The Qualmark rating was too high"
3601839,131,"Too expensive"
3601839,132,"Poor customer service"
3601627,151,"Too expensive"
3601627,152,"Poor customer service"
3604761,137,"Poor/old facilities"
3604761,138,"Too expensive"
3604761,139,"Poor customer service"
3602308,150,"Noisy"
3604761,140,"No air-conditioning/heating inadequate"
3604761,141,"Noisy"
3602465,158,"No free internet"
3602465,159,"No air-conditioning/heating inadequate"
3602465,157,"Poor standard of cleanliness/dirty"
3604827,146,"Poor/old facilities"
3602467,155,"Poor/old facilities"
3604827,147,"Too expensive"
3602465,161,"Another reason"
3602467,156,"Too expensive"
3601692,165,"Poor/old facilities"
3604827,148,"Poor customer service"
3602467,159,"Another reason"
3602467,157,"No free internet"
3601692,168,"No free internet"
3601692,169,"No air-conditioning/heating inadequate"
3604827,152,"Another reason"
3601692,170,"Noisy"
3601889,144,"No air-conditioning/heating inadequate"
3601889,145,"Another reason"
3601694,154,"The Qualmark rating was too high"
3604827,149,"Poor standard of cleanliness/dirty"
3601692,166,"Too expensive"
3601692,167,"Poor standard of cleanliness/dirty"
3601694,153,"Poor/old facilities"
3601694,155,"Too expensive"
3601694,156,"Poor standard of cleanliness/dirty"
3601627,154,"Poor value for money"
3602465,160,"Poor value for money"
3602467,158,"Poor value for money"
3604827,150,"Generally poor standard"
3604827,151,"Poor value for money"
3601889,143,"Generally poor standard"
3601694,157,"Generally poor standard"
3601694,158,"Poor value for money"
3601932,153,"No free internet"
3601932,150,"The Qualmark rating was too high"
3601708,159,"The Qualmark rating was too high"
3602551,153,"Another reason"
3601932,154,"Poor value for money"
3601932,151,"Too expensive"
3601932,152,"Poor customer service"
3601708,158,"Poor/old facilities"
3602551,151,"Too expensive"
3602551,152,"Poor customer service"
3601708,160,"Poor customer service"
3601708,161,"Poor standard of cleanliness/dirty"
3601708,162,"Poor value for money"
3604943,155,"Generally poor standard"
3602005,147,"The Qualmark rating was too high"
3604977,140,"The Qualmark rating was too high"
3604943,152,"Poor/old facilities"
3604943,153,"Too expensive"
3604943,154,"Poor customer service"
3602005,148,"Too expensive"
3602005,149,"Poor customer service"
3601712,157,"Poor/old facilities"
3604977,141,"Poor customer service"
3604977,142,"Poor standard of cleanliness/dirty"
3601694,159,"Noisy"
3604977,143,"No air-conditioning/heating inadequate"
3604977,144,"Noisy"
3602005,151,"No free internet"
3601712,162,"No air-conditioning/heating inadequate"
3601712,161,"Generally poor standard"
3604993,137,"No free internet"
3601712,163,"Poor value for money"
3601712,158,"The Qualmark rating was too high"
3604977,145,"Another reason"
3602574,132,"The Qualmark rating was too high"
3604993,135,"The Qualmark rating was too high"
3601712,164,"Another reason"
3602005,150,"Poor standard of cleanliness/dirty"
3601712,159,"Poor customer service"
3601712,160,"Poor standard of cleanliness/dirty"
3604993,134,"Poor/old facilities"
3604993,136,"Too expensive"
3602574,133,"Poor customer service"
3602574,134,"Poor standard of cleanliness/dirty"
3601759,143,"Poor/old facilities"
3601759,145,"Too expensive"
3602574,135,"Generally poor standard"
3602574,137,"Poor value for money"
3601759,149,"Poor value for money"
3602005,152,"No air-conditioning/heating inadequate"
3602005,153,"Noisy"
3602574,136,"No air-conditioning/heating inadequate"
3601759,144,"The Qualmark rating was too high"
3602765,148,"The Qualmark rating was too high"
3602223,150,"The Qualmark rating was too high"
3601759,150,"Another reason"
3602765,155,"Another reason"
3601759,146,"Poor customer service"
3602765,149,"Poor customer service"
3605095,148,"Poor customer service"
3605095,149,"Poor standard of cleanliness/dirty"
3602223,151,"Poor customer service"
3601759,147,"No free internet"
3601759,148,"No air-conditioning/heating inadequate"
3605095,150,"No free internet"
3602765,150,"No free internet"
3602765,152,"No air-conditioning/heating inadequate"
3601776,141,"Poor/old facilities"
3601776,143,"Too expensive"
3605095,151,"Generally poor standard"
3605095,152,"Poor value for money"
3602765,151,"Generally poor standard"
3602765,153,"Poor value for money"
3602223,153,"Generally poor standard"
3602223,155,"Poor value for money"
3602223,157,"Another reason"
3601776,142,"The Qualmark rating was too high"
3602316,174,"Another reason"
3605126,164,"The Qualmark rating was too high"
3605126,170,"Another reason"
3602892,148,"The Qualmark rating was too high"
3602316,172,"Generally poor standard"
3605126,167,"Generally poor standard"
3605126,168,"Poor value for money"
3602765,154,"Noisy"
3602223,152,"No free internet"
3602223,154,"No air-conditioning/heating inadequate"
3602223,156,"Noisy"
3601776,144,"No free internet"
3602316,173,"Noisy"
3605126,169,"Noisy"
3602316,169,"Too expensive"
3602316,170,"Poor customer service"
3602316,171,"Poor standard of cleanliness/dirty"
3605126,165,"Too expensive"
3605126,166,"Poor customer service"
3601843,159,"Too expensive"
3602892,151,"No air-conditioning/heating inadequate"
3602892,153,"Noisy"
3601843,162,"No air-conditioning/heating inadequate"
3601843,163,"Noisy"
3602702,136,"Noisy"
3602967,136,"No air-conditioning/heating inadequate"
3602892,150,"Generally poor standard"
3602892,152,"Poor value for money"
3602702,134,"Generally poor standard"
3601843,161,"Generally poor standard"
3602702,135,"Poor value for money"
3605611,180,"The Qualmark rating was too high"
3602892,154,"Another reason"
3601843,164,"Another reason"
3602702,137,"Another reason"
3602967,138,"Another reason"
3602892,149,"Poor customer service"
3602702,132,"Too expensive"
3601843,160,"Poor standard of cleanliness/dirty"
3602702,133,"Poor standard of cleanliness/dirty"
3602967,134,"Too expensive"
3602967,135,"Poor customer service"
3602766,164,"Too expensive"
3602766,165,"Poor standard of cleanliness/dirty"
3602967,137,"Noisy"
3602766,167,"No air-conditioning/heating inadequate"
3601943,156,"Another reason"
3602766,168,"Noisy"
3601943,155,"Noisy"
3603028,141,"The Qualmark rating was too high"
3603028,142,"Poor customer service"
3602766,166,"Generally poor standard"
3601943,153,"Generally poor standard"
3601943,154,"Poor value for money"
3605996,184,"Generally poor standard"
3603028,144,"Generally poor standard"
3603028,145,"Poor value for money"
3603028,143,"Poor standard of cleanliness/dirty"
3602096,151,"Poor/old facilities"
3603168,149,"No free internet"
3602096,156,"No free internet"
3602096,158,"No air-conditioning/heating inadequate"
3603168,150,"Generally poor standard"
3602096,157,"Generally poor standard"
3602096,152,"The Qualmark rating was too high"
3602096,160,"Another reason"
3603168,148,"Poor standard of cleanliness/dirty"
3602096,153,"Too expensive"
3602096,154,"Poor customer service"
3602096,155,"Poor standard of cleanliness/dirty"
3606717,144,"Too expensive"
3603988,151,"Too expensive"
3603988,154,"Poor value for money"
3602096,159,"Noisy"
3603988,153,"No air-conditioning/heating inadequate"
3603988,155,"Another reason"
3603805,126,"The Qualmark rating was too high"
3602344,167,"The Qualmark rating was too high"
3603988,152,"Poor standard of cleanliness/dirty"
3603805,125,"Poor/old facilities"
3603805,127,"Too expensive"
3604113,157,"Too expensive"
3603805,128,"Poor standard of cleanliness/dirty"
3602344,166,"Poor/old facilities"
3602344,168,"Too expensive"
3602344,169,"Poor customer service"
3602344,170,"Poor standard of cleanliness/dirty"
3603805,129,"No free internet"
3603805,130,"No air-conditioning/heating inadequate"
3604113,158,"Poor customer service"
3602363,137,"Poor/old facilities"
3602363,138,"Too expensive"
3602363,139,"Poor customer service"
3604113,159,"Poor value for money"
3609976,151,"Poor/old facilities"
3603903,140,"Too expensive"
3602363,140,"Poor standard of cleanliness/dirty"
3609976,152,"Poor standard of cleanliness/dirty"
3603903,141,"Poor customer service"
3609976,153,"No free internet"
3602363,141,"No free internet"
3609976,156,"Another reason"
3609976,154,"No air-conditioning/heating inadequate"
3603903,142,"No air-conditioning/heating inadequate"
3609976,155,"Noisy"
3602363,143,"Noisy"
3604413,146,"Another reason"
3604413,145,"Noisy"
3610090,140,"No free internet"
3610090,137,"The Qualmark rating was too high"
3610090,143,"Another reason"
3604545,167,"The Qualmark rating was too high"
3604413,142,"Poor/old facilities"
3604413,143,"Poor standard of cleanliness/dirty"
3610090,136,"Poor/old facilities"
3610090,138,"Too expensive"
3610090,139,"Poor customer service"
3604545,168,"Too expensive"
3604545,169,"Poor customer service"
3604545,170,"Poor standard of cleanliness/dirty"
3610090,142,"Noisy"
3604545,171,"No free internet"
3604545,172,"No air-conditioning/heating inadequate"
3602495,160,"No free internet"
3602495,161,"No air-conditioning/heating inadequate"
3602363,142,"Generally poor standard"
3603903,143,"Poor value for money"
3604413,144,"Poor value for money"
3604624,145,"No air-conditioning/heating inadequate"
3604545,174,"Another reason"
3604647,157,"No air-conditioning/heating inadequate"
3604624,143,"The Qualmark rating was too high"
3602495,158,"The Qualmark rating was too high"
3610258,221,"The Qualmark rating was too high"
3604624,146,"Another reason"
3604647,159,"Another reason"
3610090,141,"Generally poor standard"
3604545,173,"Poor value for money"
3610258,223,"Generally poor standard"
3604624,144,"Generally poor standard"
3604647,156,"Generally poor standard"
3602495,157,"Poor/old facilities"
3602495,159,"Poor customer service"
3610258,222,"Poor standard of cleanliness/dirty"
3604647,154,"Poor/old facilities"
3604647,155,"Poor standard of cleanliness/dirty"
3604462,163,"Poor/old facilities"
3604647,158,"Noisy"
3604462,164,"No free internet"
3604462,166,"Noisy"
3604779,159,"No free internet"
3604473,136,"No free internet"
3602761,164,"No free internet"
3602761,165,"No air-conditioning/heating inadequate"
3604779,158,"Poor standard of cleanliness/dirty"
3604473,135,"Poor standard of cleanliness/dirty"
3602761,161,"Too expensive"
3604473,137,"Noisy"
3604833,155,"No free internet"
3602761,162,"Poor customer service"
3604555,147,"No free internet"
3604462,167,"Another reason"
3602761,163,"Poor standard of cleanliness/dirty"
3604779,160,"Another reason"
3604833,154,"Poor customer service"
3602761,160,"The Qualmark rating was too high"
3604462,165,"Poor value for money"
3602761,166,"Poor value for money"
3602761,167,"Another reason"
3604473,138,"Another reason"
3604833,153,"The Qualmark rating was too high"
3604555,148,"Noisy"
3610794,158,"No air-conditioning/heating inadequate"
3610794,156,"The Qualmark rating was too high"
3604833,156,"Generally poor standard"
3604555,145,"Poor/old facilities"
3610794,159,"Poor value for money"
3604555,146,"Poor customer service"
3610794,155,"Poor/old facilities"
3610794,157,"Poor customer service"
3604972,153,"Too expensive"
3604972,154,"Poor customer service"
3604972,155,"Poor standard of cleanliness/dirty"
3604755,152,"The Qualmark rating was too high"
3604755,157,"Another reason"
3610794,160,"Noisy"
3604972,157,"No air-conditioning/heating inadequate"
3604755,156,"Noisy"
3610912,175,"No air-conditioning/heating inadequate"
3610912,177,"Another reason"
3603099,148,"The Qualmark rating was too high"
3604972,156,"Generally poor standard"
3604755,155,"Poor value for money"
3610912,174,"Generally poor standard"
3604755,151,"Poor/old facilities"
3604755,153,"Poor customer service"
3604755,154,"Poor standard of cleanliness/dirty"
3610912,172,"Too expensive"
3610912,173,"Poor standard of cleanliness/dirty"
3603099,147,"Poor/old facilities"
3603099,149,"Poor standard of cleanliness/dirty"
3603099,150,"Poor value for money"
3604972,158,"Poor value for money"
3603164,148,"Generally poor standard"
3610912,176,"Noisy"
3603099,151,"Noisy"
3604972,159,"Noisy"
3603164,147,"No free internet"
3603164,150,"Poor value for money"
3603164,149,"No air-conditioning/heating inadequate"
3611179,166,"No air-conditioning/heating inadequate"
3603099,152,"Another reason"
3604972,160,"Another reason"
3611179,164,"The Qualmark rating was too high"
3611179,168,"Another reason"
3603164,152,"Another reason"
3604939,166,"The Qualmark rating was too high"
3611179,167,"Noisy"
3603164,151,"Noisy"
3604939,168,"Generally poor standard"
3605106,155,"The Qualmark rating was too high"
3603164,146,"Poor/old facilities"
3611179,165,"Too expensive"
3604939,165,"Poor/old facilities"
3604939,167,"Poor customer service"
3605106,154,"Poor/old facilities"
3605106,156,"Too expensive"
3605106,157,"Poor customer service"
3605106,158,"Poor standard of cleanliness/dirty"
3604939,169,"Noisy"
3605106,160,"No air-conditioning/heating inadequate"
3605106,162,"Noisy"
3611312,159,"No free internet"
3603216,151,"No free internet"
3605106,159,"Generally poor standard"
3605106,161,"Poor value for money"
3604980,145,"Poor value for money"
3604980,143,"Poor/old facilities"
3605115,172,"Too expensive"
3611312,157,"Poor customer service"
3611312,158,"Poor standard of cleanliness/dirty"
3603216,150,"Poor standard of cleanliness/dirty"
3605106,163,"Another reason"
3604980,144,"The Qualmark rating was too high"
3603216,149,"The Qualmark rating was too high"
3604980,146,"Another reason"
3611312,160,"Another reason"
3605115,174,"Noisy"
3604989,150,"Noisy"
3605115,175,"Another reason"
3604998,155,"The Qualmark rating was too high"
3605115,173,"Poor standard of cleanliness/dirty"
3604989,148,"Too expensive"
3604989,149,"Poor standard of cleanliness/dirty"
3604998,154,"Poor/old facilities"
3604998,156,"Too expensive"
3611380,142,"Too expensive"
3611380,143,"Poor customer service"
3604998,157,"Poor standard of cleanliness/dirty"
3611380,144,"Poor standard of cleanliness/dirty"
3611380,145,"No free internet"
3611380,146,"No air-conditioning/heating inadequate"
3604998,158,"No free internet"
3611931,144,"Noisy"
3603450,148,"No air-conditioning/heating inadequate"
3611380,148,"Another reason"
3604998,161,"Another reason"
3603450,146,"The Qualmark rating was too high"
3603450,150,"Another reason"
3611931,139,"Poor/old facilities"
3611931,140,"Too expensive"
3603450,145,"Poor/old facilities"
3611931,141,"Poor customer service"
3603450,147,"Poor standard of cleanliness/dirty"
3611380,147,"Poor value for money"
3604998,159,"Generally poor standard"
3604998,160,"Poor value for money"
3611931,142,"Generally poor standard"
3611931,143,"Poor value for money"
3603450,149,"Noisy"
3603531,154,"No air-conditioning/heating inadequate"
3603531,155,"Noisy"
3603549,151,"No free internet"
3603531,153,"Generally poor standard"
3603549,152,"Generally poor standard"
3603549,153,"Poor value for money"
3605792,171,"Poor customer service"
3603531,151,"Too expensive"
3603531,152,"Poor standard of cleanliness/dirty"
3603549,150,"Poor/old facilities"
3612080,133,"Poor/old facilities"
3612080,134,"Too expensive"
3612080,136,"No free internet"
3612080,138,"Noisy"
3617209,168,"Noisy"
3606342,209,"No free internet"
3603866,124,"No free internet"
3603866,126,"No air-conditioning/heating inadequate"
3612080,139,"Another reason"
3617209,169,"Another reason"
3603866,128,"Another reason"
3612080,137,"Generally poor standard"
3603866,125,"Generally poor standard"
3612080,135,"Poor standard of cleanliness/dirty"
3606342,208,"Poor standard of cleanliness/dirty"
3603866,120,"Poor/old facilities"
3603866,121,"Too expensive"
3603866,122,"Poor customer service"
3603866,123,"Poor standard of cleanliness/dirty"
3603866,127,"Noisy"
3603918,161,"No air-conditioning/heating inadequate"
3604199,144,"No free internet"
3603918,159,"The Qualmark rating was too high"
3603918,162,"Another reason"
3604199,146,"No air-conditioning/heating inadequate"
3604267,150,"No air-conditioning/heating inadequate"
3606342,210,"Generally poor standard"
3604199,145,"Generally poor standard"
3604199,147,"Poor value for money"
3604267,151,"Poor value for money"
3604199,148,"Another reason"
3604267,148,"The Qualmark rating was too high"
3603918,158,"Poor/old facilities"
3603918,160,"Too expensive"
3604199,142,"Poor/old facilities"
3604199,143,"Too expensive"
3604267,147,"Poor/old facilities"
3604267,149,"Poor customer service"
3604267,152,"Noisy"
3609838,150,"No free internet"
3609838,148,"The Qualmark rating was too high"
3609838,152,"No air-conditioning/heating inadequate"
3609838,154,"Noisy"
3610038,129,"No air-conditioning/heating inadequate"
3610038,127,"The Qualmark rating was too high"
3604366,146,"Another reason"
3610052,165,"The Qualmark rating was too high"
3609838,151,"Generally poor standard"
3609838,153,"Poor value for money"
3604366,144,"Poor value for money"
3609838,147,"Poor/old facilities"
3609838,149,"Poor standard of cleanliness/dirty"
3604366,142,"Poor/old facilities"
3610038,126,"Poor/old facilities"
3610038,128,"Poor customer service"
3604366,143,"Poor standard of cleanliness/dirty"
3604366,145,"Noisy"
3610052,168,"No free internet"
3604382,159,"No free internet"
3604382,161,"Noisy"
3604434,166,"No free internet"
3604434,168,"Noisy"
3609960,150,"No free internet"
3609960,152,"No air-conditioning/heating inadequate"
3604382,157,"The Qualmark rating was too high"
3604434,165,"The Qualmark rating was too high"
3609960,154,"Another reason"
3604382,160,"Generally poor standard"
3604434,167,"Generally poor standard"
3609960,151,"Generally poor standard"
3609960,153,"Poor value for money"
3610052,166,"Poor customer service"
3610052,167,"Poor standard of cleanliness/dirty"
3604382,158,"Too expensive"
3604434,164,"Poor/old facilities"
3609960,148,"Poor customer service"
3609960,149,"Poor standard of cleanliness/dirty"
3610188,163,"No free internet"
3610188,165,"No air-conditioning/heating inadequate"
3610197,152,"No free internet"
3610188,161,"The Qualmark rating was too high"
3610188,166,"Another reason"
3610221,160,"The Qualmark rating was too high"
3610221,165,"Another reason"
3610221,163,"No free internet"
3610221,164,"No air-conditioning/heating inadequate"
3610197,153,"No air-conditioning/heating inadequate"
3610188,164,"Generally poor standard"
3610188,160,"Poor/old facilities"
3610188,162,"Poor customer service"
3610197,151,"Poor standard of cleanliness/dirty"
3610221,159,"Poor/old facilities"
3610221,161,"Poor customer service"
3610221,162,"Poor standard of cleanliness/dirty"
3604550,157,"Poor/old facilities"
3604550,160,"No free internet"
3604550,161,"No air-conditioning/heating inadequate"
3604550,158,"The Qualmark rating was too high"
3604583,146,"The Qualmark rating was too high"
3604550,159,"Poor customer service"
3610231,150,"Too expensive"
3610231,151,"Poor customer service"
3610231,152,"Poor standard of cleanliness/dirty"
3604583,147,"Too expensive"
3610355,166,"Poor/old facilities"
3604583,148,"Poor customer service"
3610355,167,"Too expensive"
3610355,168,"Poor standard of cleanliness/dirty"
3604550,162,"Noisy"
3604583,149,"No free internet"
3604583,150,"No air-conditioning/heating inadequate"
3610355,169,"No air-conditioning/heating inadequate"
3610231,153,"No free internet"
3610355,170,"Noisy"
3610473,142,"No air-conditioning/heating inadequate"
3604619,134,"Poor customer service"
3604583,151,"Another reason"
3610473,139,"The Qualmark rating was too high"
3604619,136,"Another reason"
3610473,140,"Poor customer service"
3604619,135,"Poor standard of cleanliness/dirty"
3610473,141,"Generally poor standard"
3610379,155,"Too expensive"
3610379,156,"Poor customer service"
3610379,157,"Poor standard of cleanliness/dirty"
3604653,157,"Too expensive"
3610721,163,"Poor/old facilities"
3610379,158,"No free internet"
3610379,159,"No air-conditioning/heating inadequate"
3610379,161,"Noisy"
3604653,158,"No free internet"
3610721,168,"Noisy"
3610741,186,"No free internet"
3610721,165,"Poor customer service"
3610379,154,"The Qualmark rating was too high"
3610721,166,"Poor standard of cleanliness/dirty"
3610379,162,"Another reason"
3610672,162,"Poor customer service"
3610721,164,"The Qualmark rating was too high"
3610741,184,"The Qualmark rating was too high"
3610741,183,"Poor/old facilities"
3610731,134,"The Qualmark rating was too high"
3610741,185,"Poor standard of cleanliness/dirty"
3610731,133,"Poor/old facilities"
3610731,135,"Poor standard of cleanliness/dirty"
3610741,189,"Noisy"
3610731,136,"No air-conditioning/heating inadequate"
3610379,160,"Poor value for money"
3604653,159,"Generally poor standard"
3610721,167,"Poor value for money"
3610672,163,"Generally poor standard"
3610741,187,"Generally poor standard"
3610741,188,"Poor value for money"
3610756,146,"Poor/old facilities"
3610756,148,"Poor customer service"
3610756,149,"Poor standard of cleanliness/dirty"
3610906,147,"Poor customer service"
3610906,148,"Poor standard of cleanliness/dirty"
3604817,158,"Poor/old facilities"
3610756,150,"No air-conditioning/heating inadequate"
3610756,151,"Noisy"
3604817,159,"No free internet"
3604817,161,"No air-conditioning/heating inadequate"
3610756,147,"The Qualmark rating was too high"
3611266,161,"Poor/old facilities"
3604967,153,"Poor customer service"
3611266,166,"Another reason"
3610731,137,"Poor value for money"
3604817,160,"Generally poor standard"
3604817,162,"Poor value for money"
3610906,150,"Poor value for money"
3611266,163,"Generally poor standard"
3611342,153,"Poor/old facilities"
3604967,154,"Poor standard of cleanliness/dirty"
3611342,155,"Poor customer service"
3611342,154,"The Qualmark rating was too high"
3611342,158,"Another reason"
3604967,156,"Another reason"
3611524,166,"Poor/old facilities"
3604817,163,"Noisy"
3610906,149,"No air-conditioning/heating inadequate"
3611266,162,"No free internet"
3611266,164,"No air-conditioning/heating inadequate"
3611266,165,"Noisy"
3611342,156,"No free internet"
3604985,153,"Poor/old facilities"
3604985,154,"Too expensive"
3604985,155,"Poor standard of cleanliness/dirty"
3611765,145,"Poor customer service"
3611765,146,"Poor standard of cleanliness/dirty"
3604987,149,"Poor standard of cleanliness/dirty"
3611524,171,"Another reason"
3604985,159,"Another reason"
3604987,151,"Another reason"
3611342,157,"Poor value for money"
3611524,168,"Generally poor standard"
3611524,169,"Poor value for money"
3604985,157,"Generally poor standard"
3611765,147,"Generally poor standard"
3604987,150,"Generally poor standard"
3611783,154,"Poor/old facilities"
3611783,155,"The Qualmark rating was too high"
3604967,155,"Noisy"
3611524,167,"No free internet"
3611524,170,"Noisy"
3604985,156,"No free internet"
3604985,158,"Noisy"
3611765,148,"No air-conditioning/heating inadequate"
3611783,156,"No free internet"
3605069,146,"Poor standard of cleanliness/dirty"
3612101,148,"Poor/old facilities"
3612101,149,"Too expensive"
3612101,150,"Poor customer service"
3605069,145,"The Qualmark rating was too high"
3611783,158,"Poor value for money"
3605069,148,"Generally poor standard"
3605069,149,"Poor value for money"
3605087,158,"The Qualmark rating was too high"
3605088,153,"The Qualmark rating was too high"
3605087,159,"Too expensive"
3611783,157,"No air-conditioning/heating inadequate"
3605088,152,"Poor/old facilities"
3605069,147,"No free internet"
3605088,154,"Too expensive"
3605088,155,"Poor customer service"
3612101,151,"No free internet"
3612101,152,"No air-conditioning/heating inadequate"
3605088,156,"Poor standard of cleanliness/dirty"
3605088,159,"Poor value for money"
3605102,128,"Poor/old facilities"
3605088,157,"No free internet"
3605102,130,"Poor customer service"
3605088,158,"No air-conditioning/heating inadequate"
3605102,131,"Poor standard of cleanliness/dirty"
3605088,160,"Noisy"
3605102,132,"No free internet"
3605102,133,"No air-conditioning/heating inadequate"
3605088,161,"Another reason"
3605102,129,"The Qualmark rating was too high"
3618336,168,"Poor/old facilities"
3618336,169,"Poor standard of cleanliness/dirty"
3618336,170,"Poor value for money"
3605722,131,"Poor/old facilities"
3605722,132,"The Qualmark rating was too high"
3606822,154,"No air-conditioning/heating inadequate"
3606822,155,"Poor value for money"
3606822,153,"The Qualmark rating was too high"
3606822,156,"Noisy"
3609851,175,"No air-conditioning/heating inadequate"
3609851,174,"Generally poor standard"
3609851,176,"Noisy"
3610335,150,"Noisy"
3610335,148,"Poor/old facilities"
3610335,149,"Poor customer service"
3610335,151,"Another reason"
3610482,147,"Too expensive"
3610482,148,"No free internet"
3610482,150,"No air-conditioning/heating inadequate"
3610482,149,"Generally poor standard"
3610482,151,"Poor value for money"
3610635,145,"Too expensive"
3610635,146,"Poor customer service"
3610482,152,"Noisy"
3610635,147,"No air-conditioning/heating inadequate"
3610635,149,"Noisy"
3610650,151,"No free internet"
3610635,148,"Poor value for money"
3610650,152,"Poor value for money"
3610786,137,"Poor value for money"
3610650,148,"Poor/old facilities"
3610650,149,"Too expensive"
3610650,150,"Poor customer service"
3610786,136,"Poor standard of cleanliness/dirty"
3610482,146,"The Qualmark rating was too high"
3610650,153,"Another reason"
3610786,139,"Another reason"
3610786,138,"Noisy"
